path,sha1,size_bytes
"./analysis_output.txt",7f8c5878586eff14ffd305d7b8ea3402a88ef1f8,      97
"./.DS_Store",b343999ee189153e46c1d756c9c5f7f11046f4b6,    6148
"./frontend/tailwind.config.js",85c223c4f43814962786141f4a10e8f1d789ca51,     310
"./frontend/.DS_Store",aeea405a04a5ae6e22ce3bcd87987ba711b21af4,    6148
"./frontend/Dockerfile",26b7ea75d5fd16c079d4eaea4a0f0502d6ee1156,     856
"./frontend/README.md",2544ee43f84866013058c6d3c6df935087c4c6e6,    3359
"./frontend/public/favicon.ico",1120538c77ad1f28a89243b4b53fe2ac16cc3bc6,    3870
"./frontend/public/index.html",eb9712017b86133214b5f7988750f0456d3b618d,    1721
"./frontend/public/logo512.png",46915f9d02694ed49bfc7a9534947684103dc3fe,    9664
"./frontend/public/manifest.json",4e0afe7f81a71f41366cd7859ca34776b8107923,     492
"./frontend/public/robots.txt",044ce68f83ee8543475fea16f6e3a73d28a1c6d5,      67
"./frontend/public/logo192.png",7f4f2d68782a7fafceda84554ecab9b489877500,    5347
"./frontend/.gitignore",4ed5f67102584810fffa278ec3228abf8fb0bba2,     310
"./frontend/package-lock.json",6b2fc7b7fa41c66900bb4c2e062c3f76c3dcfd5e,  689782
"./frontend/package.json",1d3ce6918f397c7a11b93611e4546d7d9c00e069,    1154
"./frontend/postcss.config.js",81781ed39dc8e6d6521ae1d63a67e46894acc2eb,      83
"./frontend/src/.DS_Store",a5360951db51c45c61a8c1879199451ff40b70c7,    6148
"./frontend/src/reportWebVitals.js",e2272d40e23ac1d506a912e1af1cf6c7f97e1496,     362
"./frontend/src/index.js",5444e78c2864fe6d7f4a580df663ce40fc865f12,     413
"./frontend/src/index.css",b548b4d425705111a2a414f090639cec471f5494,    2160
"{}",889a13369d0f6127b30ee9c1129b1f9913169619,    3222
"./frontend/src/components/CartModal.js",b33e37a7ada59aa878a48e554031dcc6de251462,    1931
"{}",3f8bcb3aef717dff8b080b6976a365e16211cc0f,    1152
"{}",1accabbdb0b8c3e1e013ca5bb4477396726dbd11,    7389
"{}",60fb7451076537a82ff28036b24f0e582b940c71,   12484
"./frontend/src/components/Header.js",8fe21bd8051d4bc932d5261eea76af859a38149f,   19190
"{}",dbe7c5171b8029aa0672d20c00d3133c532b4c06,    3203
"{}",d261aad44cae5de1fa8eadc704c365c33697daed,    4371
"{}",b2886b9107337d080f9fc02584a149bc3469d35d,    2175
"{}",32c4b42321c12bd0b8567965f4208098711507b8,    4233
"{}",90c52b23e8260db61c587dc123688a154e425eee,    3630
"{}",66db00bf2391bf605ab140243288defebcbfb1a4,    2484
"{}",fc172b5c51a2ea75775bcc7c7f181cbfd2e7d934,    2193
"./frontend/src/components/Modal.js",6553d1ab589d5f5608803f746ad2c82d0d1ec9c5,     902
"{}",61b2860ab4eea3f898a8111b724898dbfde26535,    2251
"./frontend/src/App.test.js",f60f074b01b317f854210f35dccea95be31c6e30,     246
"./frontend/src/setupTests.js",c094c2f8aa68cd46c90f53284610e6b909a516f8,     241
"./frontend/src/assets/huipil-1.jpg",13936fcb7757091f48412a187adaac21b440359f,  678852
"./frontend/src/assets/huipil-2.jpg",145d912e78bdb36efcc2b250c7580606b576ee46,   66392
"./frontend/src/assets/huipil-3.jpg",978488580cd92c8a62fdfe67cbbc109cf554cc94,  256012
"./frontend/src/assets/aretes-1.jpg",08ed45865fed5e1df1402a0aa5a434b7cc9be5b0,  566400
"./frontend/src/assets/vasija-1.jpg",5c2ba6d51213d0d31e41cf58547a07eca8c57cd4,   56464
"./frontend/src/assets/hero-background.jpg",000e6ca6917e52ceb59275c20d0e304372bcbddc,   97838
"./frontend/src/assets/vasija-2.jpg",cb97c31e2b84e7ca38c8b62d158338b7d2ae658b,    5593
"{}",55bc544f99d3641786830cd51d5b8d368c906cf3,  250591
"./frontend/src/pages/AdminPage.js",c5d473a195e44987b6211e1fb03de987e7345987,   28413
"{}",ed819e64fa830d6f76d27d4a2566422d192741c9,   29914
"./frontend/src/pages/ArtesanosPage.js",915d2efe3d60d52f8e5f9d4b7c43ef1db9124735,    2962
"./frontend/src/pages/ExperienciasPage.js",a57d339e1c66cf98db91b19adf66000202f1c002,    1906
"./frontend/src/pages/CreateHotelPage.js",089c1b8a08150a551ea23dca762657e30fd0f173,    5285
"./frontend/src/pages/HotelesPage.js",f4eabc0366735cff299ec6805088faa955fd73e6,   10448
"{}",d6e362e8287d0fb4649280a365ab6ff659eccc5f,   24953
"./frontend/src/pages/RestaurantesPage.js",f1b15abdc1ab47f245fa5bd81f92881ae670c3ee,    1892
"./frontend/src/pages/PortalPage.js",b4ca9784156132608e7af646b08878c38ba6370e,   23569
"{}",6659e8a952ba1ebd51d2fa0d271c99a3f4a830a0,   45063
"./frontend/src/pages/EditHotelPage.js",f425abc218329f85773daf0eff5ca32db1a9a500,   12674
"./frontend/src/pages/ProductDetailPage.js",ccc746c65ede8a7decd5429bc4eda6aaa889ab3b,    2700
"./frontend/src/pages/HotelLandingPage.js",214a844b6b8d403ef5c0110c0a72b38ccca789b8,   19657
"./frontend/src/pages/TransportePage.js",5e205f54a457b64df499f77622e90eee542060ff,    1428
"./frontend/src/pages/MisReservasPage.js",d391cb3d724592ae217f2b3f6759b8747fac44f9,   11169
"./frontend/src/logo.svg",df904d014e54fb8b536f2fce3949d9f858d5a86a,    2632
"./frontend/src/App.js",25c6736ea2a14d68a0657ab204019e4b4845b460,   13891
"./touch",ddad5f9ceac3a5e6d013d16e37a6c1493e56c916,     264
"./info.txt",eb76d30ddc4cfe152455b1dde29fb80bbd3ce537,    1869
"./backend/Cargo.toml",1a9c37b535702287559783be0e8175500581ff25,     942
"./backend/migrations/seed.sql",89aa551172b97a7847f7353a462fbe145142bfd7,    2319
"./backend/migrations/.DS_Store",81ecd0c4d2065244678d61c59cba7c527ccebe91,    6148
"{}",,    1200
"{}",9f1f724b67894b743b688903d8f417d2056f6d6d,    2194
"{}",1fe8cbe28fdfd4b3d3f1264b61e9682549e377d9,     930
"{}",155cec187edb5b3f244dc906a928af27b54174df,    1133
"{}",03219bb0766b55935ddd8588fa7209734e768aa5,    2653
"{}",3183c9196fa815cd195c26c3cfa64dfa245162bf,    1766
"{}",b183d82e32748cfa88e9121a8b1d4d4708b133b9,    1936
"{}",2c4c1ec486fe719f5b3c8321f93cfb0290d945ee,     783
"./backend/.DS_Store",66769dcb2c341c20f2f615408255a6e44381b132,    6148
"./backend/Dockerfile",c66e4557331e56cd6cda6e3a5990f2e55275960f,     798
"./backend/target/.rustc_info.json",a522c06eee2ca00e6a52e1f64c5259fb4b9f0acb,    1153
"./backend/target/CACHEDIR.TAG",0b2cfb06bbcc36dbcfb83eebdcf8d0f77d411871,     177
"{}",f10eecad534c251bba447e719decb452a2602c1e,   14920
"{}",,     576
"{}",,      16
"{}",,      48
"{}",,      14
"{}",,      16
"{}",,     376
"{}",,      14
"{}",,      48
"{}",,     568
"{}",,      16
"{}",,      14
"{}",,      48
"{}",,     289
"{}",,      16
"{}",,     468
"{}",,      16
"{}",,      14
"{}",,      48
"{}",,     395
"{}",,      16
"{}",,      16
"{}",,     397
"{}",,      48
"{}",,      14
"{}",,     559
"{}",,      16
"{}",,      14
"{}",,      48
"{}",,      14
"{}",,      16
"{}",,     536
"{}",,      48
"{}",,      16
"{}",,     355
"{}",,      48
"{}",,      14
"{}",,     550
"{}",,      16
"{}",,      14
"{}",,      48
"{}",,     473
"{}",,      16
"{}",,      14
"{}",,      48
"{}",,      16
"{}",,      14
"{}",,     714
"{}",,      48
"{}",,      14
"{}",,     670
"{}",,      16
"{}",,      48
"{}",,     365
"{}",,      16
"{}",,      14
"{}",,      48
"{}",,     628
"{}",,      16
"{}",,      14
"{}",,      48
"{}",,      16
"{}",,      14
"{}",,      48
"{}",,    2543
"{}",,      14
"{}",,     360
"{}",,      16
"{}",,      48
"{}",,      16
"{}",,     430
"{}",,      48
"{}",,      14
"{}",,      14
"{}",,     583
"{}",,      48
"{}",,      16
"{}",,     671
"{}",,      14
"{}",,      48
"{}",,      16
"{}",,      14
"{}",,      48
"{}",,      16
"{}",,     420
"{}",,      16
"{}",,      14
"{}",,     441
"{}",,      48
"{}",,      14
"{}",,     487
"{}",,      16
"{}",,      48
"{}",,      14
"{}",,      48
"{}",,     539
"{}",,      16
"{}",,      16
"{}",,      14
"{}",,      48
"{}",,     813
"{}",,     530
"{}",,      16
"{}",,      48
"{}",,      14
"{}",,      16
"{}",,     409
"{}",,      14
"{}",,      48
"{}",,     369
"{}",,      14
"{}",,      16
"{}",,      48
"{}",,      14
"{}",,      16
"{}",,      48
"{}",,     448
"{}",,      14
"{}",,     432
"{}",,      48
"{}",,      16
"{}",,      14
"{}",,    1105
"{}",,      48
"{}",,      16
"{}",,     357
"{}",,      16
"{}",,      14
"{}",,      48
"{}",,     389
"{}",,      16
"{}",,      48
"{}",,      14
"{}",,      14
"{}",,      16
"{}",,      48
"{}",,     558
"{}",,      16
"{}",,     361
"{}",,      14
"{}",,      48
"{}",,      14
"{}",,      48
"{}",,     476
"{}",,      16
"{}",,    1048
"{}",,      48
"{}",,      14
"{}",,      16
"{}",,      16
"{}",,     352
"{}",,      48
"{}",,      14
"{}",,      14
"{}",,      16
"{}",,      48
"{}",,    1466
"{}",,      16
"{}",,     378
"{}",,      14
"{}",,      48
"{}",,      14
"{}",,    3019
"{}",,      16
"{}",,      48
"{}",,      14
"{}",,      48
"{}",,     495
"{}",,      16
"{}",,      16
"{}",,     545
"{}",,      48
"{}",,      14
"{}",,      14
"{}",,      48
"{}",,     520
"{}",,      16
"{}",,      14
"{}",,      16
"{}",,    1766
"{}",,      48
"{}",,      16
"{}",,     357
"{}",,      14
"{}",,      48
"{}",,      16
"{}",,     488
"{}",,      14
"{}",,      48
"{}",,      14
"{}",,      48
"{}",,     347
"{}",,      16
"{}",,      16
"{}",,      14
"{}",,      48
"{}",,     653
"{}",,      14
"{}",,      16
"{}",,     659
"{}",,      48
"{}",,      16
"{}",,     474
"{}",,      48
"{}",,      14
"{}",,     405
"{}",,      14
"{}",,      16
"{}",,      48
"{}",,      14
"{}",,      16
"{}",,      48
"{}",,     667
"{}",,      14
"{}",,      48
"{}",,     550
"{}",,      16
"{}",,     504
"{}",,      16
"{}",,      14
"{}",,      48
"{}",,      16
"{}",,     448
"{}",,      14
"{}",,      48
"{}",,     344
"{}",,      16
"{}",,      48
"{}",,      14
"{}",,      14
"{}",,      48
"{}",,      16
"{}",,     352
"{}",,      14
"{}",,      48
"{}",,      16
"{}",,     391
"{}",,      14
"{}",,     543
"{}",,      16
"{}",,      48
"{}",,      16
"{}",,      14
"{}",,     510
"{}",,      48
"{}",,      14
"{}",,     349
"{}",,      48
"{}",,      16
"{}",,      14
"{}",,     389
"{}",,      16
"{}",,      48
"{}",,     258
"{}",,      16
"{}",,      14
"{}",,     432
"{}",,      16
"{}",,      48
"{}",,     564
"{}",,      16
"{}",,      14
"{}",,      48
"{}",,      14
"{}",,      48
"{}",,     380
"{}",,      16
"{}",,    1222
"{}",,      16
"{}",,      14
"{}",,      48
"{}",,      16
"{}",,      48
"{}",,     533
"{}",,      14
"{}",,      14
"{}",,     790
"{}",,      16
"{}",,      48
"{}",,      16
"{}",,      14
"{}",,     365
"{}",,      48
"{}",,     410
"{}",,      14
"{}",,      48
"{}",,      16
"{}",,      14
"{}",,     435
"{}",,      16
"{}",,      48
"{}",,     407
"{}",,      14
"{}",,      48
"{}",,      16
"{}",,      16
"{}",,      14
"{}",,      48
"{}",,     639
"{}",,      14
"{}",,     381
"{}",,      48
"{}",,      16
"{}",,    3361
"{}",,      14
"{}",,      16
"{}",,      48
"{}",,      16
"{}",,     421
"{}",,      14
"{}",,      48
"{}",,      14
"{}",,     890
"{}",,      16
"{}",,      48
"{}",,      14
"{}",,      16
"{}",,     492
"{}",,      48
"{}",,      14
"{}",,      48
"{}",,     642
"{}",,      16
"{}",,      16
"{}",,     649
"{}",,      14
"{}",,      48
"{}",,      16
"{}",,     353
"{}",,      48
"{}",,      14
"{}",,      16
"{}",,     611
"{}",,      14
"{}",,      48
"{}",,     683
"{}",,      16
"{}",,      48
"{}",,      14
"{}",,     557
"{}",,      16
"{}",,      14
"{}",,      48
"{}",,      14
"{}",,      16
"{}",,     408
"{}",,      48
"{}",,      16
"{}",,     408
"{}",,      14
"{}",,      48
"{}",,      16
"{}",,      48
"{}",,      14
"{}",,     488
"{}",,      16
"{}",,     491
"{}",,      14
"{}",,      48
"{}",,      16
"{}",,     412
"{}",,      48
"{}",,      14
"{}",,      14
"{}",,      48
"{}",,     508
"{}",,      16
"{}",,      16
"{}",,      14
"{}",,      48
"{}",,     440
"{}",,      16
"{}",,     599
"{}",,      14
"{}",,      48
"{}",,      16
"{}",,      48
"{}",,      14
"{}",,     423
"{}",,     374
"{}",,      16
"{}",,      14
"{}",,      48
"{}",,    1388
"{}",,      48
"{}",,      14
"{}",,      16
"{}",,     407
"{}",,      16
"{}",,      48
"{}",,      14
"{}",,     579
"{}",,      16
"{}",,      48
"{}",,      14
"{}",,     428
"{}",,      16
"{}",,      14
"{}",,      48
"{}",,      16
"{}",,      48
"{}",,      14
"{}",,     432
"{}",,     326
"{}",,      16
"{}",,     393
"{}",,      16
"{}",,      48
"{}",,      14
"{}",,     631
"{}",,      16
"{}",,      14
"{}",,      48
"{}",,     676
"{}",,      16
"{}",,     380
"{}",,      16
"{}",,      14
"{}",,      48
"{}",,      16
"{}",,     747
"{}",,      14
"{}",,      48
"{}",,      14
"{}",,      16
"{}",,      48
"{}",,     826
"{}",,     481
"{}",,      16
"{}",,      14
"{}",,      48
"{}",,  181835
"{}",,       0
"{}",,      48
"{}",,    1366
"{}",,      14
"{}",,      48
"{}",,     882
"{}",,      16
"{}",,      14
"{}",,    1320
"{}",,      48
"{}",,      16
"{}",,     470
"{}",,      14
"{}",,      16
"{}",,      48
"{}",,     499
"{}",,      14
"{}",,      16
"{}",,      48
"{}",,      16
"{}",,     351
"{}",,      14
"{}",,      48
"{}",,     257
"{}",,      16
"{}",,      14
"{}",,      16
"{}",,     535
"{}",,      48
"{}",,      16
"{}",,     510
"{}",,      48
"{}",,      14
"{}",,     974
"{}",,      14
"{}",,      48
"{}",,      16
"{}",,      14
"{}",,     543
"{}",,      16
"{}",,      48
"{}",,     532
"{}",,      14
"{}",,      16
"{}",,      48
"{}",,     504
"{}",,      14
"{}",,      16
"{}",,      48
"{}",,      16
"{}",,     459
"{}",,      14
"{}",,      48
"{}",,      14
"{}",,     354
"{}",,      48
"{}",,      16
"{}",,      16
"{}",,     350
"{}",,      14
"{}",,      48
"{}",,     324
"{}",,      16
"{}",,      16
"{}",,     358
"{}",,      14
"{}",,      48
"{}",,      16
"{}",,     466
"{}",,      14
"{}",,      48
"{}",,      16
"{}",,     381
"{}",,      14
"{}",,      48
"{}",,     415
"{}",,      16
"{}",,      14
"{}",,      48
"{}",,      16
"{}",,     450
"{}",,      14
"{}",,      48
"{}",,      16
"{}",,     571
"{}",,      14
"{}",,      48
"{}",,      14
"{}",,      16
"{}",,      48
"{}",,     482
"{}",,      14
"{}",,      16
"{}",,     897
"{}",,      48
"{}",,     758
"{}",,      16
"{}",,      14
"{}",,      48
"{}",,      14
"{}",,      48
"{}",,     501
"{}",,      16
"{}",,      16
"{}",,     543
"{}",,      48
"{}",,      14
"{}",,      16
"{}",,     462
"{}",,      14
"{}",,      48
"{}",,     357
"{}",,      14
"{}",,      16
"{}",,      48
"{}",,     366
"{}",,      14
"{}",,      16
"{}",,      48
"{}",,     258
"{}",,      16
"{}",,      14
"{}",,     364
"{}",,      16
"{}",,      48
"{}",,     509
"{}",,      14
"{}",,      48
"{}",,      16
"{}",,      14
"{}",,      48
"{}",,     525
"{}",,      16
"{}",,      16
"{}",,      48
"{}",,     533
"{}",,      14
"{}",,      16
"{}",,      14
"{}",,     555
"{}",,      48
"{}",,      16
"{}",,     557
"{}",,      14
"{}",,      48
"{}",,      16
"{}",,     356
"{}",,      48
"{}",,      14
"{}",,      14
"{}",,      16
"{}",,     467
"{}",,      48
"{}",,     438
"{}",,      48
"{}",,      14
"{}",,      16
"{}",,      16
"{}",,     641
"{}",,      48
"{}",,      14
"{}",,     694
"{}",,      16
"{}",,      14
"{}",,      48
"{}",,      16
"{}",,      14
"{}",,     557
"{}",,      48
"{}",,      14
"{}",,      16
"{}",,     897
"{}",,      48
"{}",,     454
"{}",,      14
"{}",,      16
"{}",,      48
"{}",,      16
"{}",,      14
"{}",,     365
"{}",,      48
"{}",,     817
"{}",,      16
"{}",,      48
"{}",,      14
"{}",,      16
"{}",,      14
"{}",,      48
"{}",,     634
"{}",,     417
"{}",,      48
"{}",,      14
"{}",,      16
"{}",,     486
"{}",,      16
"{}",,     620
"{}",,      16
"{}",,      48
"{}",,      14
"{}",,      14
"{}",,      16
"{}",,     876
"{}",,      48
"{}",,     545
"{}",,      16
"{}",,      14
"{}",,      48
"{}",,      14
"{}",,     491
"{}",,      48
"{}",,      16
"{}",,     540
"{}",,      16
"{}",,      48
"{}",,      14
"{}",,      14
"{}",,     361
"{}",,      16
"{}",,      48
"{}",,     482
"{}",,      16
"{}",,      14
"{}",,      48
"{}",,      85
"{}",,      16
"{}",,     567
"{}",,      48
"{}",,      14
"{}",,      16
"{}",,     527
"{}",,      48
"{}",,      16
"{}",,     353
"{}",,      48
"{}",,      14
"{}",,      14
"{}",,     358
"{}",,      48
"{}",,      16
"{}",,      16
"{}",,     451
"{}",,      14
"{}",,      48
"{}",,      14
"{}",,     427
"{}",,      16
"{}",,      48
"{}",,      16
"{}",,      14
"{}",,      48
"{}",,     638
"{}",,     442
"{}",,      14
"{}",,      48
"{}",,      16
"{}",,      16
"{}",,     362
"{}",,      14
"{}",,      48
"{}",,      16
"{}",,      14
"{}",,     627
"{}",,      48
"{}",,      14
"{}",,      48
"{}",,    1078
"{}",,      16
"{}",,      14
"{}",,     592
"{}",,      16
"{}",,      48
"{}",,      14
"{}",,     843
"{}",,      48
"{}",,      16
"{}",,      14
"{}",,     752
"{}",,      48
"{}",,      16
"{}",,      16
"{}",,      14
"{}",,     340
"{}",,      48
"{}",,      14
"{}",,      48
"{}",,     452
"{}",,      16
"{}",,      16
"{}",,     583
"{}",,      48
"{}",,      14
"{}",,      16
"{}",,     465
"{}",,      14
"{}",,      48
"{}",,      16
"{}",,      48
"{}",,      14
"{}",,     449
"{}",,      14
"{}",,      16
"{}",,    1429
"{}",,      48
"{}",,      16
"{}",,      14
"{}",,     548
"{}",,      48
"{}",,      16
"{}",,     577
"{}",,      48
"{}",,      14
"{}",,      16
"{}",,      14
"{}",,     488
"{}",,      48
"{}",,    5682
"{}",,      16
"{}",,      16
"{}",,     475
"{}",,      48
"{}",,      14
"{}",,      14
"{}",,      16
"{}",,     683
"{}",,      48
"{}",,      14
"{}",,     895
"{}",,      16
"{}",,      48
"{}",,      14
"{}",,      16
"{}",,      48
"{}",,     699
"{}",,     825
"{}",,      14
"{}",,      16
"{}",,      48
"{}",,      16
"{}",,     352
"{}",,      48
"{}",,      14
"{}",,      14
"{}",,      16
"{}",,     354
"{}",,      48
"{}",,     891
"{}",,      14
"{}",,      16
"{}",,      48
"{}",,      16
"{}",,     442
"{}",,      14
"{}",,      48
"{}",,     537
"{}",,      48
"{}",,      14
"{}",,      16
"{}",,      14
"{}",,     352
"{}",,      48
"{}",,      16
"{}",,      14
"{}",,      48
"{}",,     636
"{}",,      16
"{}",,     497
"{}",,      14
"{}",,      16
"{}",,      48
"{}",,      16
"{}",,      48
"{}",,     378
"{}",,      14
"{}",,      16
"{}",,     749
"{}",,      14
"{}",,      48
"{}",,      16
"{}",,      14
"{}",,      48
"{}",,     478
"{}",,      16
"{}",,     905
"{}",,      48
"{}",,      14
"{}",,      16
"{}",,     644
"{}",,      48
"{}",,      14
"{}",,     629
"{}",,      16
"{}",,      48
"{}",,      14
"{}",,     421
"{}",,      48
"{}",,      14
"{}",,      16
"{}",,      16
"{}",,     527
"{}",,      14
"{}",,      48
"{}",,      16
"{}",,     780
"{}",,      14
"{}",,      48
"{}",,      16
"{}",,     590
"{}",,      14
"{}",,      48
"{}",,      14
"{}",,     424
"{}",,      16
"{}",,      48
"{}",,      14
"{}",,      16
"{}",,      48
"{}",,    1468
"{}",,      14
"{}",,      48
"{}",,     351
"{}",,      16
"{}",,      16
"{}",,      14
"{}",,      48
"{}",,     440
"{}",,      14
"{}",,      48
"{}",,     574
"{}",,      16
"{}",,      16
"{}",,      14
"{}",,    3321
"{}",,      48
"{}",,      14
"{}",,      16
"{}",,     525
"{}",,      48
"{}",,      14
"{}",,     589
"{}",,      16
"{}",,      48
"{}",,     538
"{}",,      16
"{}",,      48
"{}",,      14
"{}",,      14
"{}",,     552
"{}",,      16
"{}",,      48
"{}",,      16
"{}",,      14
"{}",,    1026
"{}",,      48
"{}",,     997
"{}",,      16
"{}",,      14
"{}",,      48
"{}",,     427
"{}",,      16
"{}",,      48
"{}",,      14
"{}",,     255
"{}",,      16
"{}",,      16
"{}",,     341
"{}",,      14
"{}",,      48
"{}",,      14
"{}",,     351
"{}",,      16
"{}",,      48
"{}",,     331
"{}",,      16
"{}",,     351
"{}",,      16
"{}",,      48
"{}",,      14
"{}",,     390
"{}",,      16
"{}",,      48
"{}",,      14
"{}",,     330
"{}",,      16
"{}",,      14
"{}",,      48
"{}",,      16
"{}",,     435
"{}",,      16
"{}",,      14
"{}",,     413
"{}",,      48
"{}",,      16
"{}",,     776
"{}",,      14
"{}",,      48
"{}",,     427
"{}",,      16
"{}",,      14
"{}",,      48
"{}",,      16
"{}",,     601
"{}",,      48
"{}",,      14
"{}",,      14
"{}",,      48
"{}",,     409
"{}",,      16
"{}",,     257
"{}",,      16
"{}",,      16
"{}",,      14
"{}",,     718
"{}",,      48
"{}",,      14
"{}",,      16
"{}",,     775
"{}",,      48
"{}",,     424
"{}",,      14
"{}",,      48
"{}",,      16
"{}",,     566
"{}",,      16
"{}",,      14
"{}",,      48
"{}",,     257
"{}",,      16
"{}",,      16
"{}",,     409
"{}",,      48
"{}",,      14
"{}",,      16
"{}",,      14
"{}",,    3316
"{}",,      48
"{}",,      14
"{}",,     606
"{}",,      48
"{}",,      16
"{}",,      14
"{}",,      16
"{}",,     525
"{}",,      48
"{}",,      14
"{}",,      16
"{}",,     413
"{}",,      48
"{}",,      16
"{}",,      14
"{}",,     522
"{}",,      48
"{}",,     685
"{}",,      16
"{}",,      48
"{}",,      14
"{}",,      16
"{}",,     776
"{}",,      14
"{}",,      48
"{}",,      16
"{}",,     340
"{}",,      48
"{}",,      14
"{}",,      16
"{}",,      48
"{}",,     377
"{}",,      14
"{}",,      14
"{}",,     785
"{}",,      48
"{}",,      16
"{}",,      16
"{}",,     476
"{}",,      48
"{}",,      14
"{}",,      14
"{}",,      16
"{}",,      48
"{}",,     816
"{}",,     439
"{}",,      14
"{}",,      48
"{}",,      16
"{}",,      14
"{}",,      48
"{}",,     420
"{}",,      16
"{}",,      16
"{}",,      14
"{}",,     742
"{}",,      48
"{}",,      14
"{}",,     702
"{}",,      16
"{}",,      48
"{}",,     598
"{}",,      16
"{}",,      14
"{}",,      48
"{}",,      14
"{}",,      16
"{}",,     526
"{}",,      48
"{}",,      14
"{}",,     508
"{}",,      16
"{}",,      48
"{}",,     967
"{}",,      14
"{}",,      48
"{}",,      16
"{}",,      14
"{}",,     376
"{}",,      16
"{}",,      48
"{}",,      14
"{}",,     405
"{}",,      48
"{}",,      16
"{}",,      16
"{}",,    1015
"{}",,      14
"{}",,      48
"{}",,      14
"{}",,      48
"{}",,     444
"{}",,      16
"{}",,      14
"{}",,      48
"{}",,     387
"{}",,      16
"{}",,      14
"{}",,      48
"{}",,     622
"{}",,      16
"{}",,      16
"{}",,      14
"{}",,   24346
"{}",,      48
"{}",,    2507
"{}",,       0
"{}",,  181835
"{}",,    1370
"{}",,      48
"{}",,      16
"{}",,      14
"{}",,      48
"{}",,     636
"{}",,     435
"{}",,      48
"{}",,      14
"{}",,      16
"{}",,      14
"{}",,      16
"{}",,      48
"{}",,     446
"{}",,      14
"{}",,     350
"{}",,      48
"{}",,      16
"{}",,      14
"{}",,      48
"{}",,    1099
"{}",,      16
"{}",,      14
"{}",,     696
"{}",,      16
"{}",,      48
"{}",,      16
"{}",,     456
"{}",,      14
"{}",,      48
"{}",,      14
"{}",,      48
"{}",,      16
"{}",,     432
"{}",,      14
"{}",,      48
"{}",,     663
"{}",,      16
"{}",,      16
"{}",,      14
"{}",,      48
"{}",,     649
"{}",,     342
"{}",,      14
"{}",,      48
"{}",,      16
"{}",,      16
"{}",,      14
"{}",,      48
"{}",,     594
"{}",,      16
"{}",,     646
"{}",,      14
"{}",,      48
"{}",,      16
"{}",,      48
"{}",,      14
"{}",,     393
"{}",,      16
"{}",,      14
"{}",,      48
"{}",,     567
"{}",,     412
"{}",,      14
"{}",,      16
"{}",,      48
"{}",,     405
"{}",,      16
"{}",,      14
"{}",,      48
"{}",,      48
"{}",,     858
"{}",,      16
"{}",,      14
"{}",,      16
"{}",,     772
"{}",,      14
"{}",,      48
"{}",,      14
"{}",,      48
"{}",,      16
"{}",,     349
"{}",,     603
"{}",,      16
"{}",,      14
"{}",,      48
"{}",,      14
"{}",,      48
"{}",,     363
"{}",,      16
"{}",,      14
"{}",,      16
"{}",,      48
"{}",,     702
"{}",,      14
"{}",,      16
"{}",,     348
"{}",,      48
"{}",,      48
"{}",,     855
"{}",,      16
"{}",,      14
"{}",,      14
"{}",,      48
"{}",,     381
"{}",,      16
"{}",,      14
"{}",,      16
"{}",,     922
"{}",,      48
"{}",,     354
"{}",,      16
"{}",,      14
"{}",,      48
"{}",,      16
"{}",,      14
"{}",,     545
"{}",,      48
"{}",,      16
"{}",,      14
"{}",,     441
"{}",,      48
"{}",,     377
"{}",,      16
"{}",,      14
"{}",,      48
"{}",,      14
"{}",,      48
"{}",,     364
"{}",,      16
"{}",,     330
"{}",,      16
"{}",,     330
"{}",,      16
"{}",,      14
"{}",,      16
"{}",,     741
"{}",,      48
"{}",,      16
"{}",,     541
"{}",,      14
"{}",,      48
"{}",,     807
"{}",,      16
"{}",,      14
"{}",,      48
"{}",,      16
"{}",,      14
"{}",,     374
"{}",,      48
"{}",,     624
"{}",,      16
"{}",,      48
"{}",,      14
"{}",,      16
"{}",,      48
"{}",,      14
"{}",,     436
"{}",,     398
"{}",,      16
"{}",,      48
"{}",,      14
"{}",,     624
"{}",,      16
"{}",,      48
"{}",,      14
"{}",,      14
"{}",,      16
"{}",,      48
"{}",,     463
"{}",,      14
"{}",,      48
"{}",,     456
"{}",,      16
"{}",,      14
"{}",,      16
"{}",,     486
"{}",,      48
"{}",,      16
"{}",,      14
"{}",,     517
"{}",,      48
"{}",,      14
"{}",,      48
"{}",,     481
"{}",,      16
"{}",,     673
"{}",,      14
"{}",,      48
"{}",,      16
"{}",,     531
"{}",,      16
"{}",,      48
"{}",,      14
"{}",,     329
"{}",,      16
"{}",,      14
"{}",,      48
"{}",,     419
"{}",,      16
"{}",,      14
"{}",,     402
"{}",,      48
"{}",,      16
"{}",,     471
"{}",,      48
"{}",,      14
"{}",,      16
"{}",,      16
"{}",,     415
"{}",,      14
"{}",,      48
"{}",,     256
"{}",,      16
"{}",,     457
"{}",,      14
"{}",,      16
"{}",,      48
"{}",,      16
"{}",,     530
"{}",,      14
"{}",,      48
"{}",,      16
"{}",,     350
"{}",,      48
"{}",,      14
"{}",,      14
"{}",,     363
"{}",,      16
"{}",,      48
"{}",,     686
"{}",,      16
"{}",,      14
"{}",,      48
"{}",,      14
"{}",,      48
"{}",,     584
"{}",,      16
"{}",,      16
"{}",,      14
"{}",,    1362
"{}",,      48
"{}",,     410
"{}",,      16
"{}",,      14
"{}",,      48
"{}",,      14
"{}",,     654
"{}",,      48
"{}",,      16
"{}",,      16
"{}",,      14
"{}",,      48
"{}",,     567
"{}",,      16
"{}",,     473
"{}",,      48
"{}",,      14
"{}",,      16
"{}",,     441
"{}",,      14
"{}",,      48
"{}",,    1548
"{}",,      14
"{}",,      16
"{}",,      48
"{}",,      16
"{}",,      14
"{}",,      48
"{}",,     929
"{}",,      14
"{}",,      16
"{}",,     351
"{}",,      48
"{}",,      16
"{}",,     600
"{}",,      48
"{}",,      14
"{}",,      16
"{}",,     456
"{}",,      48
"{}",,      14
"{}",,     760
"{}",,      16
"{}",,      14
"{}",,      48
"{}",,     648
"{}",,      14
"{}",,      48
"{}",,      16
"{}",,      14
"{}",,      16
"{}",,     416
"{}",,      48
"{}",,      14
"{}",,     674
"{}",,      48
"{}",,      16
"{}",,     594
"{}",,      16
"{}",,      14
"{}",,      48
"{}",,      16
"{}",,     681
"{}",,      80
"{}",,      48
"{}",,      14
"{}",,      48
"{}",,     368
"{}",,      16
"{}",,      14
"{}",,      48
"{}",,    1092
"{}",,      16
"{}",,      16
"{}",,     548
"{}",,      48
"{}",,      14
"{}",,      16
"{}",,      14
"{}",,     489
"{}",,      48
"{}",,     395
"{}",,      16
"{}",,      16
"{}",,      14
"{}",,      48
"{}",,     399
"{}",,      14
"{}",,     821
"{}",,      16
"{}",,      48
"{}",,   17701
"{}",,      16
"{}",,     645
"{}",,      14
"{}",,      48
"{}",,      16
"{}",,      14
"{}",,      48
"{}",,     473
"{}",,      16
"{}",,     331
"{}",,      16
"{}",,     357
"{}",,      14
"{}",,      48
"{}",,      16
"{}",,      14
"{}",,     359
"{}",,      16
"{}",,      48
"{}",,     408
"{}",,      16
"{}",,      14
"{}",,      48
"{}",,      14
"{}",,      48
"{}",,      16
"{}",,     352
"{}",,      14
"{}",,      16
"{}",,     803
"{}",,      48
"{}",,      16
"{}",,     359
"{}",,      14
"{}",,      48
"{}",,      14
"{}",,      16
"{}",,    1299
"{}",,      48
"{}",,      14
"{}",,      16
"{}",,     435
"{}",,      48
"{}",,     532
"{}",,      16
"{}",,      48
"{}",,      14
"{}",,      16
"{}",,     349
"{}",,      48
"{}",,      14
"{}",,     423
"{}",,      16
"{}",,      48
"{}",,      14
"{}",,      14
"{}",,     484
"{}",,      16
"{}",,      48
"{}",,      16
"{}",,     358
"{}",,      48
"{}",,      14
"{}",,      14
"{}",,      48
"{}",,     738
"{}",,      16
"{}",,     435
"{}",,      48
"{}",,      14
"{}",,      16
"{}",,      14
"{}",,      48
"{}",,      16
"{}",,     963
"{}",,     325
"{}",,      16
"{}",,      16
"{}",,     565
"{}",,      14
"{}",,      48
"{}",,      14
"{}",,      16
"{}",,     743
"{}",,      48
"{}",,      16
"{}",,     375
"{}",,      48
"{}",,      14
"{}",,     526
"{}",,      14
"{}",,      16
"{}",,      48
"{}",,      16
"{}",,      48
"{}",,      14
"{}",,     491
"{}",,     902
"{}",,      14
"{}",,      16
"{}",,      48
"{}",,      14
"{}",,      48
"{}",,     424
"{}",,      16
"{}",,     564
"{}",,      16
"{}",,      14
"{}",,      48
"{}",,     342
"{}",,      16
"{}",,      14
"{}",,      48
"{}",,     643
"{}",,      16
"{}",,      14
"{}",,      16
"{}",,      48
"{}",,     480
"{}",,      14
"{}",,     700
"{}",,      16
"{}",,      48
"{}",,     425
"{}",,      16
"{}",,      14
"{}",,      48
"{}",,      16
"{}",,     364
"{}",,      48
"{}",,      14
"{}",,      14
"{}",,      48
"{}",,     367
"{}",,      16
"{}",,      14
"{}",,     373
"{}",,      16
"{}",,      48
"{}",,      16
"{}",,     414
"{}",,      14
"{}",,      48
"{}",,      16
"{}",,    1046
"{}",,      48
"{}",,      14
"{}",,     412
"{}",,      14
"{}",,      16
"{}",,      48
"{}",,     972
"{}",,      48
"{}",,      16
"{}",,      14
"{}",,      14
"{}",,      48
"{}",,     413
"{}",,      16
"{}",,     354
"{}",,      16
"{}",,      14
"{}",,      48
"{}",,      14
"{}",,      48
"{}",,     629
"{}",,      16
"{}",,      16
"{}",,     550
"{}",,      14
"{}",,      48
"{}",,     627
"{}",,      16
"{}",,      14
"{}",,      48
"{}",,     467
"{}",,      14
"{}",,      16
"{}",,      48
"{}",,      14
"{}",,     466
"{}",,      16
"{}",,      48
"{}",,     415
"{}",,      16
"{}",,      14
"{}",,      48
"{}",,      14
"{}",,      16
"{}",,      48
"{}",,     749
"{}",,      14
"{}",,      16
"{}",,     827
"{}",,      48
"{}",,      16
"{}",,      14
"{}",,      48
"{}",,     528
"{}",,     336
"{}",,      16
"{}",,      16
"{}",,     418
"{}",,      14
"{}",,      48
"{}",,      14
"{}",,     377
"{}",,      48
"{}",,      16
"{}",,      14
"{}",,     357
"{}",,      48
"{}",,      16
"{}",,      16
"{}",,      14
"{}",,     491
"{}",,      48
"{}",,      16
"{}",,      14
"{}",,      48
"{}",,     403
"{}",,     343
"{}",,      14
"{}",,      16
"{}",,      48
"{}",,      16
"{}",,     553
"{}",,      14
"{}",,      48
"{}",,      16
"{}",,     412
"{}",,      14
"{}",,      48
"{}",,      16
"{}",,     342
"{}",,      48
"{}",,      14
"{}",,     573
"{}",,      14
"{}",,      16
"{}",,      48
"{}",,      14
"{}",,     540
"{}",,      16
"{}",,      48
"{}",,      16
"{}",,      14
"{}",,   24346
"{}",,      48
"{}",,    2503
"{}",,     397
"{}",,      16
"{}",,      14
"{}",,      48
"{}",,     529
"{}",,      14
"{}",,      16
"{}",,      48
"{}",,     554
"{}",,      16
"{}",,      14
"{}",,      48
"{}",,      14
"{}",,     361
"{}",,      48
"{}",,      16
"{}",,     386
"{}",,      16
"{}",,      48
"{}",,      14
"{}",,     347
"{}",,      14
"{}",,      16
"{}",,      48
"{}",,     330
"{}",,      16
"{}",,     351
"{}",,      16
"{}",,      48
"{}",,      14
"{}",,      16
"{}",,      14
"{}",,      48
"{}",,    1038
"{}",,    2777
"{}",,      16
"{}",,     427
"{}",,      16
"{}",,      14
"{}",,      48
"{}",,     328
"{}",,      16
"{}",,     258
"{}",,      16
"{}",,      16
"{}",,     641
"{}",,      48
"{}",,      14
"{}",,      14
"{}",,      48
"{}",,     516
"{}",,      16
"{}",,      16
"{}",,      48
"{}",,      14
"{}",,     426
"{}",,      48
"{}",,     363
"{}",,      16
"{}",,      14
"{}",,     327
"{}",,      16
"{}",,      14
"{}",,     532
"{}",,      16
"{}",,      48
"{}",,     258
"{}",,      16
"{}",,     288
"{}",,      16
"{}",,      14
"{}",,      48
"{}",,    1077
"{}",,      16
"{}",,      14
"{}",,      48
"{}",,     578
"{}",,      16
"{}",,      14
"{}",,      48
"{}",,     492
"{}",,      16
"{}",,     680
"{}",,      16
"{}",,      48
"{}",,      14
"{}",,      14
"{}",,      16
"{}",,     498
"{}",,      48
"{}",,      14
"{}",,      48
"{}",,     953
"{}",,      16
"{}",,      14
"{}",,    1108
"{}",,      48
"{}",,      16
"{}",,      16
"{}",,      14
"{}",,     876
"{}",,      48
"{}",,      16
"{}",,     531
"{}",,      14
"{}",,      48
"{}",,     507
"{}",,      14
"{}",,      16
"{}",,      48
"{}",,      14
"{}",,      48
"{}",,      16
"{}",,     585
"{}",,      16
"{}",,      14
"{}",,      48
"{}",,     475
"{}",,      14
"{}",,      16
"{}",,     687
"{}",,      48
"{}",,      16
"{}",,      14
"{}",,     455
"{}",,      48
"{}",,      14
"{}",,     380
"{}",,      48
"{}",,      16
"{}",,      16
"{}",,      48
"{}",,      14
"{}",,     451
"{}",,      14
"{}",,      16
"{}",,     406
"{}",,      48
"{}",,      14
"{}",,      16
"{}",,     418
"{}",,      48
"{}",,     340
"{}",,      16
"{}",,     325
"{}",,      16
"{}",,      16
"{}",,      14
"{}",,     417
"{}",,      48
"{}",,     471
"{}",,      48
"{}",,      14
"{}",,      16
"{}",,     408
"{}",,      16
"{}",,      14
"{}",,      48
"{}",,      14
"{}",,      16
"{}",,      48
"{}",,     481
"{}",,     350
"{}",,      16
"{}",,      14
"{}",,      48
"{}",,      14
"{}",,      48
"{}",,     629
"{}",,      16
"{}",,     599
"{}",,      16
"{}",,      14
"{}",,      48
"{}",,     344
"{}",,      14
"{}",,      16
"{}",,      48
"{}",,      16
"{}",,     450
"{}",,      14
"{}",,      48
"{}",,      14
"{}",,      48
"{}",,     724
"{}",,      16
"{}",,      14
"{}",,     749
"{}",,      48
"{}",,      16
"{}",,      14
"{}",,      16
"{}",,    1957
"{}",,      48
"{}",,      16
"{}",,     538
"{}",,      14
"{}",,      48
"{}",,      14
"{}",,      16
"{}",,     416
"{}",,      48
"{}",,      16
"{}",,     531
"{}",,      14
"{}",,      48
"{}",,      16
"{}",,      48
"{}",,      14
"{}",,    1309
"{}",,      14
"{}",,     609
"{}",,      48
"{}",,      16
"{}",,      14
"{}",,      48
"{}",,     535
"{}",,      16
"{}",,      16
"{}",,      48
"{}",,      14
"{}",,     535
"{}",,     449
"{}",,      14
"{}",,      16
"{}",,      48
"{}",,     716
"{}",,      16
"{}",,    1219
"{}",,      16
"{}",,      14
"{}",,      48
"{}",,      16
"{}",,     745
"{}",,      14
"{}",,      48
"{}",,     616
"{}",,      14
"{}",,      16
"{}",,      48
"{}",,      14
"{}",,      16
"{}",,      48
"{}",,     533
"{}",,      14
"{}",,     489
"{}",,      48
"{}",,      16
"{}",,      14
"{}",,     356
"{}",,      16
"{}",,      48
"{}",,     461
"{}",,      14
"{}",,      16
"{}",,      48
"{}",,     471
"{}",,      16
"{}",,      14
"{}",,      48
"{}",,      14
"{}",,      16
"{}",,    1586
"{}",,      48
"{}",,     757
"{}",,      16
"{}",,      14
"{}",,      48
"./backend/target/debug/.DS_Store",bcf31cbcf2e0e56844eb2444860e92f2cd612630,    6148
"{}",,       0
"{}",, 5974428
"{}",, 5975599
"{}",,       0
"./backend/target/debug/.cargo-lock",da39a3ee5e6b4b0d3255bfef95601890afd80709,       0
"{}",bc8b8e5fcfef6d46237f5bcddaf32f98eb4e4216,    8265
"{}",86109ee516f675b96ae4218ee9bac8ef12409326,   19435
"{}",,   43118
"{}",,   44550
"{}",8d03a09d90306f808c3584973e50e1c765641052,    6852
"{}",d58a7248d2fdd2ccaf525b5bf9368eb105b17d55,     832
"{}",e8ffe1361b6b164e4fe7206923074c0b024c900f,     812
"{}",a0538f01a02e8e29bcff692ebd5a7f3cf36ad183,     581
"{}",2091a3303acadcadfadb4cd1f64c08337f2e9a83,    2413
"{}",,   43760
"{}",d638857dfbb99c040ee5e671b13851f990466d38,     780
"{}",67c430dd255731776fee741f1da9250c04fc3dcc,   10271
"{}",731c418375dd76fc194eb6417d5f0f8f154ce23b,    1132
"{}",623dc7829e41dcddf4a68dd273ef0471075b7725,  175861
"{}",,   90119
"{}",,   50950
"{}",, 1681275
"{}",f1a7f271a9afd40aacb921ebcc031fd9aa5a4ef4,    7874
"{}",, 2126763
"{}",,   10222
"{}",0fcb8c0c7761b26b2622dbb14bbc651a6004ec60,    1929
"{}",,  182124
"{}",0575f9b9e7c6e82fbca71d7fdac94a2938c75660, 2437034
"{}",0039f04d0008d565900b1db9e0a85dba06eadfaa,  191093
"{}",cef25001ea5c0d2691dbcc866ff10ac2d10435c7,  251584
"{}",, 1840324
"{}",42181e18b7f2d4fb0560d18a63e62afa85ff4cc9,  505068
"{}",,   18247
"{}",d266e763d754279e272209d2d6320ddc986577ec,  528744
"{}",, 4727184
"{}",f042869c0348b2856b81d88c5924bbabff5b5416,   11953
"{}",c4d3a0628c821035d8673027a322da9fb2dec76a,   35956
"{}",,   30210
"{}",b30e09f37287fa4674465a9a9bfe1ddfc937e563,    2844
"{}",, 7328528
"{}",888680ab8c6f78a03c9a11d96c75354211b5251c,    1997
"{}",3e4294ff85ac3498d5cd1ed15f6041b09e28a3fd,    3218
"{}",eecc95d7dc2d6dfe006d758d7a42467f3902a03c,    1890
"{}",,   56437
"{}",, 3842272
"{}",9cfdd0c66d87637606209c72a9ddb8f8a5171811,  308823
"{}",,   48874
"{}",, 3241744
"{}",,  355528
"{}",, 1225592
"{}",640bd2426d58f45aceb32c88c524fb985dbc646c,    1189
"{}",b85a55043e4ff7867748264a352a9e34486def70,    3690
"{}",,  400467
"{}",,  136018
"{}",, 2905712
"{}",44ba8ce9d38722c5f88d5be23deaddc3265eb34e,    2384
"{}",,    1689
"{}",,  105404
"{}",ca2908f0859651120da889d72433bb645ab37a0c,  351116
"{}",, 5608239
"{}",710ff0e53529f01dfcf5f576ed8082e552a5108a,     803
"{}",,  423176
"{}",,  115792
"{}",,  119756
"{}",9546f1f15036fae0d465a064f22da34fd24c239f,   14311
"{}",f4686250145fc786a6bf50409af9d1786e886cca,    2626
"{}",c2571e6c374967f4e64e7483008575aa458dd04c,   73151
"{}",9a7aa5f549e915a06392a2533c06f596bbe359a4,    1108
"{}",02cbfe835997525c26a25f520f9c516df0e21753,    2901
"{}",, 4166272
"{}",ecadaa05c45c8264752820548f1cd2a867e10fae,    2754
"{}",0e8a6749cf90ae0cb1226f43259f0d9298cbbdf0,     859
"{}",,    5303
"{}",, 3905984
"{}",,  464512
"{}",,   20904
"{}",,   46632
"{}",d00f8fa6548a1ecf02b4f0cb049b5764ea31d1fd,     798
"{}",a03c8a0e97eb0e78ebf490965cb30eaa99ceed00,    1219
"{}",e8586d2261dd8c1a9e86c1fa491aa3a5cbcb3718,    2640
"{}",79f7ecffdd1b3f526a0e55831651affd259a2e29,    1715
"{}",b028424c6965a09539a14bdfd51ed0113b2e10fc,  297700
"{}",,    7632
"{}",709d5f573e10d66954b026fbdb9817c756a92837,   18596
"{}",fb072925d1a20e31d6191a9cdf3fa6f36d42eb95,  958906
"{}",e9589d715e3c1be10a88afe1956d2ec1993f69c1,  406353
"{}",,   78312
"{}",95fc33f89e4e7c2baaaaf834796296da13aae025,    1200
"{}",0d8f348a31bca994358aa59c0c26fcb3d4e261c4,    4054
"{}",73b4e9557f37c3b259e5e66128672103af90be3c,    1577
"{}",,   35248
"{}",ce92fdc69e8f158e51667ebf8d9e954ef6608077,  106336
"{}",, 1741743
"{}",342c35a2ac230b864bc10d1447ea0d0303691fa4,     588
"{}",f21f2b6c0cedb0136392cfcbd41642d645df4f9a,  892536
"{}",,   28795
"{}",b4981d18ec11dd98015a29b00523562fa1ecd0ac,    3344
"{}",2dd08e8edaf0cf7f8deff281c4ca9e1b3dbd2dc8,    2141
"{}",,   75688
"{}",dee3a9aa1747c2439d5c6b155d8a27562129559a, 5211573
"{}",43ba59f8a59aeb1d3cbeb33d6b1424ed154cfc21,   32208
"{}",,   34767
"{}",,    2536
"{}",,  258432
"{}",556339df5b7d36cf325a661fcb20e5291516966d,    6653
"{}",42f8cbc74bc7b7b52460dbf36185b105a08a0f03,  266048
"{}",6166a3dbfd634951e842d69edb5d7f1b85fea66c,  231672
"{}",725cfe0605eb457560b492c2978e1403301ef48c,     780
"{}",,   44748
"{}",3a9ee0278dc618264c8862aec7c370afeaeac023,    1597
"{}",,    2155
"{}",,   52432
"{}",0abfe17239707782ace01a63e901bfc2e700364a,    7190
"{}",83b5dc72d30563663179b656f5517edb4016f418,   58008
"{}",,    7678
"{}",6435efa85a1a7bb910b656d181e4a9b9a652ebe5,    7010
"{}",,    3536
"{}",48ac9f5347d35c02c81c1f39de7ad594785f7013,  107760
"{}",,   17590
"{}",641cad56388154067a2abb67de24352b5e1772ff,     543
"{}",, 1053044
"{}",,  875283
"{}",, 2871888
"{}",5a858d819a1d855f71c42e75e18116f6899e9df4,  405968
"{}",,  197029
"{}",7e62db450e2d19a2308947400062642a7aa16da4,    4587
"{}",57369fd308cad9f448731c6aa454a67736396bec,    9554
"{}",b2ea53da805f6371075c5f63fbe91a7cbbf93f56,     838
"{}",78a12a5c46496add106da6e4676d6673c24e4f4e,    1858
"{}",d2d33479214ccfa5dd590c0ba5de82b8aac7f4ea,  552898
"{}",9f5ba2f67138295d8abb9a434dc8de8e6244fb25,     583
"{}",62273f350376195a5bce5dc588cfbe385c9314b5,    1745
"{}",,    5296
"{}",64a48ba6a4df6380a52feb5266e6c3d43f6299c5,   20060
"{}",ea674d24fef0e736bf5bd78e0b1efb6bb50e604a,  637567
"{}",,   36205
"{}",, 3491880
"{}",221893c19206d78dacfa089f021f3523c2e07c0c,  657777
"{}",, 1785688
"{}",,   94776
"{}",6cf53960a010d18a7dd62ee7018b58b18ab57f1d,  399543
"{}",,   64606
"{}",0a635ecbe588d1c0caf7925f1a45ad87de2f20b0,    1755
"{}",5c831a3636b6b28439fb2871155b5160eaac98df,    4747
"{}",,  780134
"{}",f1e86df2799eb9ed0ba132ee014c636fd5653f84,    1220
"{}",fb95bf0af9c64bc2f1c8383600edf7af49e27d8c,   45525
"{}",a4a51d739da91fbea8ca23e4e833f49128b3d895,    1945
"{}",,    8736
"{}",,   90810
"{}",,  303264
"{}",,  340963
"{}",, 4558397
"{}",32da296a02a6f065725efddaeddd986fdf05856e,   86232
"{}",37484f573e9eca8e01d84b6ba1fe0c2cd83d0e3b,    1135
"{}",486904255f776495bd42da5e3b1f7ae395d1c0b7,    1230
"{}",,  483030
"{}",6b42171c646051b7df64e13e21855df88ecf9585,  985792
"{}",, 5766464
"{}",, 1682026
"{}",d497ced92f0d69d063aeabf1a5cdd39f873b7b7d,  125655
"{}",,  150238
"{}",,  395342
"{}",32369e76702ce0ce743151b0c270c8736d7792cf,     551
"{}",,   48131
"{}",b3b2e54faa0e21380f3dd190c02ef981aa659cb8,    5303
"{}",a4ebf40c90bd4d89c9167e6da6c72205c3f3a1cb,  337652
"{}",05ab2898e0606c92b6724f2eac43cc621047cc9a,    1501
"{}",eed8cacbd3afa0b213f814399ea418ab7d997a78,     589
"{}",a5d2320ab2581b34f8534e21a086d580ab151c43,   18296
"{}",8dcb37186c4e7dc368eb6d0d593c8b618354810f,   17581
"{}",a30a5f60a6c6c1b3307dbad3ef09522ca4870fc4,    1362
"{}",,    2275
"{}",, 4504979
"{}",bc2b74dd5295920666874ebec2f51315cf685709,     563
"{}",,  233470
"{}",67d1c46662085ce39153fc7c6a6cb2c5d50b31de,     808
"{}",7de2f421c8aaac82a3769d9aef4cadff45fc2b8b,   49928
"{}",7b51ba4a7b31e06879b5d7d57ea7ecf745ad863a, 2915422
"{}",8421dd1f458466e25fd0a7ffb577a34dfba3f44b,    3962
"{}",,  832148
"{}",,  171907
"{}",,   12092
"{}",b81f03a5b985d0058f1907f86f408e18091c0092,    1159
"{}",,   68458
"{}",,   18648
"{}",afdc828ea6bea23de1517a983b56620a653a39b6,    1130
"{}",67c55941f9b0ea79896e093f944375e7e43a6f1d,  405255
"{}",,     864
"{}",6155c7a3141255d3ea8680b37bd6cda40ef95239,    1705
"{}",1e7f902354a937062b700d2df1dab96c17f8eff7,    1183
"{}",,  545840
"{}",05f6eafe18ad892861e50f8ccd9577fcbe093206,   90284
"{}",d66c64dc4e518cb8361554289b95d1735554213c,    1384
"{}",a5a76249d7ca52d0ec80f1eb616d8653383141e4,  141240
"{}",,   21839
"{}",,  179125
"{}",,  358024
"{}",f34ba994761d2907e34fd71a2a34cf7b4b576341,    5910
"{}",, 1295024
"{}",85601d3d502a17443d32f5cbe25151c7bc0c0981,    8461
"{}",08b834d49a2f1578f45bbe97f314e64db3ab4501,  331240
"{}",,  637890
"{}",1757405d93c3f694571de39cb7a31a351b95af05,    1497
"{}",6df66e538a710908fe5e1beb0bd6065996b5cb98,  823528
"{}",, 4477288
"{}",, 1319015
"{}",75018b451d50c7c5939308a1abeaf7b0218b7bf7, 1220495
"{}",, 2622264
"{}",6c7905e3b8c3c84fef2ad1bfffb27e7b20bacf46,    2625
"{}",, 1073363
"{}",613d72d9313f09595d65ba3d09d77657d703aaef,    1410
"{}",7636c6ca15e9f7397ef2cfaca772ebda8b876a61,    1691
"{}",cd891aa2f8a8f9732e3dcd95ce8c7416249658b1,     826
"{}",,  765480
"{}",, 2556085
"{}",31f6fc3062da3beff79a59453936cef6b2da2edb,     586
"{}",68a901edaad59003497fbb6d084668e7550ee3a4,    4610
"{}",,   97389
"{}",d769661046ad1fe427e32376c1af1fe7990ad6c7,  265174
"{}",42b0eaece99e51a483112592058595404bbb901a,    1583
"{}",bea2a64e4dff1df461224bc456edaac1777d985f,    4656
"{}",,  941528
"{}",5baeda1976cc94ac75f5770dc60dc3e0b229f7f6, 2116722
"{}",df48394aa82ddb88fbfe6e9f828ea168d4b4e180,   12215
"{}",,   44752
"{}",4bee7acd523a3ecaf7c36d25dbd6ff35c3dda9fb,     834
"{}",,   88472
"{}",,  102289
"{}",,   40932
"{}",1314b8c10e8083fb27375dea4cc6d407cc86d1aa,   29166
"{}",a76493f55fc7e6052446a3835ebab7474ebd5d27, 2003508
"{}",6e34dc2729a1e732edaa9d9bbc3657ffab00f299,    4956
"{}",,   43604
"{}",a2defdbc665750fd2e2583a943e20d0341a047f1,     889
"{}",74b0e2ee75754695bcb15829a6e72defd2312256,    2335
"{}",fdb79b97765810d1dfc221997c3b207dbd34ea4d, 4407400
"{}",16bc8761b5f4df787f734f7c16aee2d29cf5538f,    1164
"{}",2c63c04b9258543baeef128fd541a582553e3635,    1093
"{}",,  782367
"{}",54a1fe853ebcdcbfe97e31e954a083ec3c800964, 1015946
"{}",4b38d4998c57eabe7fca7a1eeb017f590b3e4141,     815
"{}",,   23675
"{}",,   85681
"{}",447c5e2ab15d3a61d50d90606113dcc785a2c104,  271389
"{}",, 3135080
"{}",8484480cac11297f889d53b16408ab4c10a16056,    3586
"{}",3e05c3563be3698f6408ea6d99c11fdb04e2ca4b,     568
"{}",c9d1ba5b779dfec92309d70a372347a2ee4dd6ec,    2227
"{}",, 1444376
"{}",73e6674b1f3feb2c6ef7e389ae838a370edac5c9,     558
"{}",, 2306704
"{}",ff79ba02ba0bf6be1b264eddf6cb60a64f5a17c4,  108879
"{}",54712d73c37dce0ff423b08f8abb19e28125ac1f,   11502
"{}",1f542162cea82fa93f44189d606592db9ab980ab,   53009
"{}",,  146177
"{}",,    1292
"{}",ac298af09ffc4c469eb95f985fe6af7973933103,   21104
"{}",af0360a0e234cfbec1f95f4e673eaa4a64ea8ef1,   60642
"{}",, 3574584
"{}",1a26782886adf6c74828a7dbc2d9d1e6db27ee15,    5908
"{}",d1034d818fe9a55eb063a6c4883b0b09488bf602,    2056
"{}",641d45d9829654394f49f7ad562667049876b24f,   13364
"{}",,    3432
"{}",fd0415032b96dc8e7deb450f8a644be9005448d1,   41208
"{}",,  456343
"{}",ff5cceecd70135f30e6725298fa5cb0730341c1d,     521
"{}",,    3768
"{}",fdfbf42afa6d78849cb50121aecb3ba67dd44df6,   68924
"{}",64c4712a0bff26340013c33f8dfa0dc519bade0d,    6864
"{}",,  998090
"{}",,   84876
"{}",a3c222fc9746d1423b9e1e1717ef7dcb3a453118,    6316
"{}",dab9a8ac6fc8aa8bdbe87fa53bb7c5103237eb29,     568
"{}",110a233c23a49974ab5d7c2a4bfda996925b2e6a,    1307
"{}",3e845e0197f4f69b41fca4f9fddc727df54cb04f,   71204
"{}",,   53064
"{}",,  288784
"{}",,  306599
"{}",, 3577256
"{}",,     601
"{}",,  258506
"{}",d8507b5381df3bce3ae919ccda105faeb6b14364,    3567
"{}",, 1567724
"{}",d3f01d298c2060cb3fa589b4d55ce9ab406a6198,    2746
"{}",,    2911
"{}",,  114888
"{}",,   26424
"{}",b6742627a7523c6b05d6d70d30397fb3e75eabab,    5887
"{}",,  131576
"{}",,    6089
"{}",,    5428
"{}",,   25607
"{}",2ad9729e958753fc2d6695e17fe12819cb5d3cce,  364256
"{}",4a06b48435296d24b59bacb5650a9e45258e9b13,  311437
"{}",,  330574
"{}",,  463784
"{}",1b443e7daf72d8f784647f34f3facf3f0351ae00,    1691
"{}",,   13176
"{}",0c69908bd55283083ac5aedb26890c042eedffdf,     821
"{}",ec9736ffa83209f932bc1e4b9a6eacddd245c87a,    1661
"{}",a8e263adfd2d4f2d99e626901061f37651965979,   16832
"{}",,    2437
"{}",, 1480904
"{}",,   29373
"{}",03a94449b1eaf8c6a1d2dbcfa159bd5d48b900d8,    5840
"{}",943bf5af3e3a173174e78c89c50c4ce04fa20295,  113687
"{}",f5a08401203a92a41d3b91d263355e08203bc116,     759
"{}",c2976126bce31b93fbe9eb5c54a9be4daa2c54d6,  885184
"{}",,     847
"{}",f070da1c57204a520f821b4e764c23728b5c142c,    1569
"{}",,  867007
"{}",a5f12ed3d69205b0c3a4f6758470be8d04988774,   32008
"{}",853aca0f7fc6eb4096923db6051ea98f945b01f5, 2904984
"{}",aac62364202d4872fbc9e616c7e9cf82a3ba4fff, 5745096
"{}",93e2f20ac48d33f380c6a61c386c15893afa573d,     812
"{}",,   22633
"{}",250539300c9a242f199dc16e779a71340af38529,  339096
"{}",12e5220a32a9583bc4065bc0c6e779b4345ceffd, 2043678
"{}",b353fb94293c914a23a62fc248cf3e63fe529692,    5606
"{}",48ee760108aa6aeb1b105257dcbe5290214d5c29,    3183
"{}",564b7b9cffb3b9670f288e711744d6a1961a6eb8,    2542
"{}",d384e4af12f7b4d98d0e5317e0fb57c7819db735,    1936
"{}",8d2e2d90d7cf591ed19988057b636611bebc776a,     878
"{}",821a3eb097eee2f9dd7fa4dca57e5b31381dfe5e,     855
"{}",, 2843296
"{}",,   26330
"{}",c3fd764e23ce11ea29f08419fb5bc7b38f6cee65,    1282
"{}",d1cd02ad58013e7c84207220798c3435ed65e2e4,    2008
"{}",0e3f8f39e4a3712edf2bd455e761c6d729c072fb,    1237
"{}",a9a6570b7edfed3de3ad8a5286fc9e26993286bb,    3738
"{}",,    7373
"{}",,   61866
"{}",8d4592ef017540dc6af62b81cd2ff44f63fcd81c,  423653
"{}",c2eae8aa66615e62f9c09fe54277cc09434b2b2e,    1411
"{}",,  285702
"{}",, 1743678
"{}",72a9043d1b025bfc7572382ba404fa0c25ab08f3,    1145
"{}",, 3242272
"{}",d9ded5132eb89ad198f5695a78608a52ddc20781,   34361
"{}",bed79118ce1abd8c69e8055d622d742d506fe8af,    1803
"{}",cc97654ffa4183b71b17aa647e6c33a69a655d34,     872
"{}",,  243498
"{}",66205f0160beea09408bcf05babbcbfe91caebf7,   12912
"{}",,   60568
"{}",9d319245941e5e93c5e81dec0315d3218bdd0816,    2326
"{}",,     911
"{}",,   19616
"{}",e5f72afa4484e1582d3e7783467123db6f78af12,    8934
"{}",c3056fc2c4cba05fadbe3ab9c45ba36a2fbd94f1,     548
"{}",a7f3980be3b8b93e011fdfeb4d7f2dae06f01b6f,    1114
"{}",d86597cc49011802985d35fe99576fb054f03c70,    1534
"{}",,  396864
"{}",4d75288680052917b96673b0041c9277063c6d55,    1219
"{}",,   26003
"{}",feaa65bdad983302d4dd698c5949d1671f635570,  325808
"{}",ee44397502383f76e746a8424c6831c12bbbd7cf,     816
"{}",,  188923
"{}",bb3b00d1abf0ad885b6d61a99eefbec4733c7135,    1563
"{}",c3aeb0405a4eb13b69356f2b9a13c92f620ddf5d,  115524
"{}",,  130404
"{}",,     608
"{}",419022d556b2944937410a3657a43fb74a4169f5,     794
"{}",,     907
"{}",9ae0b07c279f87d6f41cc81a89311e3fb1a9881c,    1160
"{}",89f31c7227eefbe16b00ee245eb30bbd0539567e,    3198
"{}",abeb8ada98e28f6ad417c35905be2eb834e1c253,     794
"{}",19480a80876cd07cf1d9478f9b519eb7165fe5ca,     850
"{}",,   82800
"{}",,  246500
"{}",4bbf51b6bc2295a8d60361d73462354bdda6c1b8,    7274
"{}",,   39864
"{}",,   86542
"{}",,  467464
"{}",7c88fe20de40c1f051f51906f9599d37d875dd98,  639776
"{}",39cc486169ab29276cd8d954c3658b6f830b9bfa,    1416
"{}",46d8c37a1d5aaab92c78eb3198908393483f5311,   11832
"{}",6f6b1ba6b3ed16348c7fd76203ecd7f1bb906123,   27235
"{}",10a3b387622859af88a1b2cc9da879caa1998be9,    4886
"{}",8574777d5e56c21d1f29fe18aca7c4dc1edaa5fe,   13736
"{}",9ba259f2d500285cf2e6be26de4f84c9e623f8b1,     815
"{}",,   53834
"{}",, 2268452
"{}",106ee8b4c82acff5bc16d3bb47809861b00bda94,   26203
"{}",9dab73195759eb593418ede6f1eb139600c28979, 1861946
"{}",,  240864
"{}",,  610798
"{}",,  268043
"{}",,   19704
"{}",69e2a803d8290c9107deeb4c9cc336c842b2ad4a,   31863
"{}",fb47279ef3014eaa8c5fe395de1935dcd979bfa3,   47754
"{}",, 1682120
"{}",1de04be434ba33fad478963778eee158c80fc5aa,    3734
"{}",37be220b1de388772c8d521bfe0160227d2a199d,    4169
"{}",, 6504416
"{}",edddffc78447768dd27e47cb79c763cc7e16f3a7,    1603
"{}",d1628d3fde657377141b5d3f39887df30d7773db,   78074
"{}",,   34425
"{}",, 1165792
"{}",,  103128
"{}",,  192798
"{}",,  341970
"{}",2643b20f9cb7c4ba97bec5eff664467d62854e6f,    3203
"{}",14acc87838f4d8bae7eb45abdd992816f7866daf,  214635
"{}",,   41400
"{}",53412244ea3e491dec7448e22e743f1bd30f1522,   50634
"{}",,   73688
"{}",620654c37c3f061c1838aee7c033e16feb973159,   53276
"{}",,  125099
"{}",92ebf55791b1a2d808bc48d1c9e557c656c33775,  553720
"{}",fc56fd77272e2fc64644a40649974e9073924ec5,     865
"{}",,   23567
"{}",3a33a3fd47f4d3f684a7ed57d1d6700851570ac6,    1282
"{}",,  164230
"{}",ff2796b86c53e5e8c9a33679e7d69fd0c352e12d, 10779950
"{}",, 3558960
"{}",97824da2c913d316076c3d7273c1105bb706099a,    1222
"{}",,  614204
"{}",,  149852
"{}",e450cfe65403e387a944a3c235395b17a7a27bef,    1336
"{}",9bc884d2eafceb6f280f9fc7d7ad69a6b1193d3f,     784
"{}",,  668936
"{}",,   19259
"{}",d3a501032cddf90bf20afbaa13f97a2a6538ed3f,    1200
"{}",6a95e8f5fa985e78c5897105c44d6292b2fdc8f0,    9276
"{}",9d63ea01a6a87c318b63c68f7dc81781fcb02db4,   45771
"{}",,  762660
"{}",c2ca3ece16724803e89a3582ef7374fcc4de1877,     568
"{}",,    1231
"{}",04fe6a76e2458d6989f875af99befebf6912e966,    3558
"{}",,  153700
"{}",deafcc9047c80773589a6bef73f63dcd182cec86,  883440
"{}",308aa7cfb2f61ec5eec570b1b6b41056836f45b3,   10463
"{}",8d0ae8996831a3ffb15b5c3f940eca4bbff58950,    1162
"{}",64410a51f607bb92aab373faba66f1a46387d54a,  899416
"{}",9649ff62283685372cc9e477ba8cdf6a8e839502,  324579
"{}",,  296176
"{}",086d8154736a6d11c14803952384a47230df9eff, 3288958
"{}",9b5b0e0bdeebc671ee4539c791119152bbc61f48,  381833
"{}",,   73016
"{}",f38408fd429a55b348104a9c866a8eb1333d87b0,   19611
"{}",d3f9088c9b261a1b82386a7ff1da8d15a5cb1942,    5381
"{}",,   72558
"{}",be87678cbc749a112bb7492197bed0adaf98dc30,    5093
"{}",, 4252845
"{}",, 2427672
"{}",,  175016
"{}",17e24bb5dfa3744a42f5112d7ffd4211297297d8,   34817
"{}",54936855cc82b6250df2342f8455f1d0d20d668e,    3457
"{}",1e5942a29b8c7b8adb1f4070172aeb0a261cb8de,  107749
"{}",, 1160904
"{}",557f59a269f95f2ce6490a5e44612ad4c36c0d2f,     877
"{}",0356c49d63643a1d74e09844fe2be529bd451edc, 1464013
"{}",46832629e9a09d88f86110fe01c521f74a07b1ef,     563
"{}",cbc3a0a014af8f47fba8ad69bd7af6703aacceab,  153002
"{}",,   72111
"{}",, 1870272
"{}",,    1267
"{}",,  120624
"{}",, 1149560
"{}",2d4365b543726ccfeb11a9b3f5a573ea4b9ad141,     836
"{}",d1fdd97aba6f01980a8d01ee18cb0962d6e27d0a, 9975320
"{}",,  163573
"{}",,    1838
"{}",d47fb76bbab2da1fd64ebfe2460418191c6cc653,    3436
"{}",75ee046054ea30997879c1cc8984cc733ad96453,    2244
"{}",, 1232986
"{}",,    3939
"{}",5fb7ed024f5efe108ae55892565f1b7a337f85d2,    1063
"{}",c80428baa7f383ecbef8ee3e79658fa61480d63f,  292921
"{}",2adfafa1de08c99f1617381009e881a2cfa824cc,  361334
"{}",38bda8231786de535a060651acb80b99355b231f,    3422
"{}",e72b54aebf4c0db8ac11371342bbb9f4d777a941,   68680
"{}",3af216b58bb60302c42d86c559754a1e5a524123, 1246601
"{}",42635ae362da215db3765aa8ecf76f1581aa0cc9,   53592
"{}",cd13f8256f761557f59dafff56574fcd7146b8cd, 1085752
"{}",0e9e36457c9af4a493e93d4101a3844b368a38f4,  542292
"{}",9c1ff57fd37850c856da99b8c63f4c448cb6c7ec,  731184
"{}",,  109981
"{}",65391d983d27816ba19beec0814775c95fa8862b,  436444
"{}",, 1010282
"{}",3fc4dc6c7ed2bc21a38e46476bf27e0e50478c12,    3406
"{}",,  228128
"{}",514fed06a54e17ac118e310ba1ec05c87a1c3fbb,   34033
"{}",,  274168
"{}",35cc720ad9a86c5e90890115e2a28bceab8041fd,    1886
"{}",e100fba9d941c66844e096f5857e7a2f42f189bd,    3386
"{}",373e10eec1002ff6b3c9e6dd807f97727710243d,    1589
"{}",,  104243
"{}",, 4128296
"{}",,  195602
"{}",,   27496
"{}",2ab668486457fb9730b8ac71d10ddfc038a2c6de,   15921
"{}",,  341296
"{}",, 2337970
"{}",,     593
"{}",cd28590a28dd82bbd74290c75636572c725f3505,  218520
"{}",,     854
"{}",b12ee15f2e80dd4e3de590bfaac826f876fe73ab,    1415
"{}",9636917cdc04e57afb2872e26c1ff50e3f4b0e6d,  134387
"{}",,    6552
"{}",d4d4826f7ada72e82cff3df98fabdf2fe1bdf7b9,    2365
"{}",fcccf3940a487e859c82eff6e80fdbc150bda369,  116460
"{}",507554c36f3dd1626cf4019a0064c270df496b88,     578
"{}",,  589292
"{}",db6e4f6f28f4647a60dcbf4777d4befa76adb02d,   13156
"{}",,    9492
"{}",,  441014
"{}",,  353264
"{}",,  130749
"{}",a0b714d79876d2d0e64db46dfb171eed3386a56d,    3694
"{}",, 1142016
"{}",,  350001
"{}",ab647eacbbe5f9e5325228f27c38db53b2a6f04c,    5222
"{}",,  651314
"{}",,   25904
"{}",847b875ed8cc8da355be134e8ef1fe4866259495,  362545
"{}",1aafafe6a29346b525b97115f701694759d4c898,     836
"{}",, 8502616
"{}",,  282225
"{}",,    2708
"{}",3dca934956ec5b2e0be1d368462bb97bf71a2565, 1747301
"{}",,   58341
"{}",854e1bf937e333434dbd933fc02e7a1fa85025a0,    5366
"{}",1c69f244e3a9bc2112129aa6c964e76a9098b25a,    2042
"{}",,   43533
"{}",2b989b53679768284ff0dc519b2c846e3cc30836,  139381
"{}",c6b0a89b4c13645705665563fbf4d4992821a9b2,    1431
"{}",cf2f27bbae01405eabf8cfa36579943b0223e690,   18941
"{}",,  703288
"{}",78f4582316ef271ef630b8853be09c041f762c86,  242320
"{}",,   17504
"{}",aa8aa645a924d1329b5c798735f32118baf80522,    4937
"{}",55aabf80c6b7b196bda60f32fe8e121ba356bf06,  215725
"{}",0c7c09740646aea8a212c3554a75fc0a6217e710,  333104
"{}",,    8165
"{}",d16b77a1eeb09a723866a3bd0a2c17f0afb2a863,    3276
"{}",,   53095
"{}",,    6331
"{}",,  156130
"{}",f2aa443dddf8efde0c6c53f166021d04aa33e6aa,  522405
"{}",82ba822de59720f36b6c161250fd52af5b991ad8,  685584
"{}",8ddcfc9a86cce850269daee70cc3dc4b9e7e46e9, 7404289
"{}",2874c51770b7aeaa0f87d02cefbdf7e62551c30e,     814
"{}",, 2310944
"{}",, 3287912
"{}",,   17358
"{}",,   49756
"{}",,  453383
"{}",,  636543
"{}",4665df9c312d8a0b893cb8e346315247e439bdd4,   10309
"{}",4a846056a2363b1a3224e603eb1661bee891e98d,    3675
"{}",1e2389cd4ed285ccf5f25ee1731c95c88623079d,   22918
"{}",,  130749
"{}",,    1277
"{}",b061cc290e2a5c27f9c843b2c0c2053b1943efea,  235455
"{}",,    1264
"{}",,  436214
"{}",26bbcbeaab290f2ccc7f89ff5a5fad5c315e84be, 4172640
"{}",,  127162
"{}",,  910264
"{}",3f2638d377c4271b0bc0d2bf1004e016dfae21b2,    4792
"{}",34aaae4ba70e4cf536ac373ceb7c1216cd40068f,   17102
"{}",5c8ab8f3a405f5f4873816b7ca4c8e8d0c514f89,     743
"{}",3158b340312172050118b91a4c15a587f3a9f172,   56650
"{}",69eb6b22810c96aafa7dd2a8d7fcd5561257c8c3,     808
"{}",69d67a6b2bc3c52748ad0fc27b57f4c95bbc1a15,  337722
"{}",46f891b8b87a31e12d2f2b3ab948a414e4b445d7,  172866
"{}",0d9a846a5c348ec6e5bcca610a97b432e40f922f,     573
"{}",4ab7a4562b7e939ae45490ee20da7d1f71c36474,   62656
"{}",ca22e6a28a7b3fc770bd97c7a403781816f2eb5f,     795
"{}",ed356633c1a8c6ab7c2521dce3246f5d49510c85,    2928
"{}",3b24cdb0ea6e8ae2255fb8b7c40f33943cb9561e,   26846
"{}",efaa84daf0446d9d5f3be07bdba8a950385a18af,   12410
"{}",,     628
"{}",e525072c6256d27cafd6e51b50c8edfb77232283,    4145
"{}",025111297ce97f124251ebc6bd054310d0070c65,     588
"{}",bb5b2d44181449aa5f11ac0c771b2d9f96701d5f,  216458
"{}",,  219775
"{}",,   42728
"{}",,    6252
"{}",931a7e9db2d2122454746f80905882528bc781e6, 1965020
"{}",55228f63dcbbb78ffd607fd0f402e093d1ac8a98,    3941
"{}",,    3359
"{}",319303214f6c66dc118846c918f4a221141dbfcc,  624368
"{}",552acd79773c1d8b8cfcc2f39e8033f3a5732e92,     583
"{}",b4f317ff2382b3b9e919034dd033f41b6579859f,    3007
"{}",,  114208
"{}",98f684024ff866eaee551239c74cc30fc84c5136,    4780
"{}",51645de79cfd5a8ac8b9b82cc772b3ed493ace0e,    2047
"{}",7823840c2ce11736151e865c8b46a0a640188069,    1183
"{}",, 1154816
"{}",,  890912
"{}",f0ec83b1264b6a7280e6f7e38c9b30799dec0072,    1357
"{}",,  695810
"{}",fba772287343594badaf4f360e596580191194b9,    2504
"{}",543773afc95933ad734a3b12a1b979c267564c2e,  337709
"{}",a2234d8852b182db0aa2b8e06cd82fc6df9499ca, 2394816
"{}",87db751cf07bc43714f69ede6359c8aabb343bbf,    1379
"{}",f2cdee1d40788f908800407b2d604c6c44ce513f,    2022
"{}",4fed6f246f8aca0cc2d7b57bdb3bb2fa432fd5f9,     854
"{}",c86793cd1e2aa2adb0b0c4067da9419d6bd746b6,     538
"{}",,   44225
"{}",ce4cd9512120fb234f0c885a4b28096d93d6dbf6,    2364
"{}",85f22cc37550b0419b11ced28a662d5d8adeb549,    3504
"{}",d2a5bc7076043d496a0342a221e554ecfa5bb453,    1135
"{}",cd2579e66266e793784ac9dfacf54519b7b7f33b,    1144
"{}",085163cc068aa4e30b6688a0a05a6d6d7dd00822,    1799
"{}",946e7265febc1ca6962514637214b5429218beb3,    1630
"{}",,  476423
"{}",18fdc2f7befc0bfd208ad9c51267c2ce07a1d430,  256504
"{}",4df751aaf5ef9140e7b79df2572fd19d70b7abb0,     809
"{}",2beb79862d7fe562f03837b0a2955fffd68f5834,    2766
"{}",ec09f833f288d79a4f5f199bf08a496b29603ba0,    1105
"{}",,   32808
"{}",,    6755
"{}",56f274f9a336b9b270c5c4921d9d29e3fcba644f,  143208
"{}",07d4b4ade12d5a2ee8aa628ffebbc4c4f6e760ed,    6192
"{}",7634219170e236734005b765955a5139580363dd,     766
"{}",,    7917
"{}",,  859880
"{}",3414709464fe91c8f2b725acf05a01bfaeece71b,     808
"{}",555530fae903173a1644aa2750537fa6b8988550,  267928
"{}",10db82bf2968f8a11ca7151411e4901d0ba63b36,    7076
"{}",fb509bd619b3364f55e0a8277de29178e8a965b2,   63288
"{}",,   48948
"{}",cb01d6e79eb10d647cc659c180f520b8ea715ef8,  134392
"{}",99aac29f144acea84559814020af51533418a9dd, 1791040
"{}",eaf9428e58931d06f6508002eb38990f4ea29b7d,   15844
"{}",7703fee08296eca530064cc40150cf78439819ba,  644664
"{}",38cfdd08d0ef57aaf032f6da5448a96f5e330c77,    2376
"{}",,   72311
"{}",988ff07c0c851ab1b6428ca3135dd43b8ff6d8bf,     829
"{}",1306c6928d0ea55d6a06209897936e0378dfe68a,     533
"{}",27bdbde98c10a9693a7231e6046abf176408b35f,    6056
"{}",0a1e861b7036ad6f5a59ac6d8132c0ac323ed480,    3636
"{}",, 3213099
"{}",,  165925
"{}",794cfb75fe945f6ed68804d489be5ee570615c7f,    1154
"{}",8acd359ba799ee9d5785cc985a0eae02a7eae88a,    2096
"{}",,    2924
"{}",,  604489
"{}",f0b5d7ab08d1183582a99fc1c15556f2c7201097,    4966
"{}",,    9492
"{}",,  575723
"{}",88864466074fbb4c3e2cc671cb78f54cb311ccd4,  566996
"{}",, 3511671
"{}",0b576a8e7db34c42b8bf55c5eee395d3a912cdad, 1736767
"{}",,   24160
"{}",9fed275e0d8812111a9944251d6da846e7ff46ca,    3040
"{}",468d87c91e6efa28694f8af86a908128e57c1bdb,  455384
"{}",27494865e0eb59a1f2f86b7b5deab855983f6e2c,    1488
"{}",55796c8564133d14cc0a49dedd54283e886b73d1,    2023
"{}",bdc4e4cdf6c1b02b30d64a714bdd358c1701a3c5,    2210
"{}",,   20075
"{}",,    6539
"{}",3a6f3764d47b0e8cc537de7b18b4ca2beef5f37d,   12754
"{}",,   26089
"{}",15c46b6195eb5faf210744763408af3e12d0cbb0, 9315720
"{}",,   23908
"{}",,  226195
"{}",0ca20d933620731514873531fc8ce5eebebf6e58, 1903187
"{}",,   32432
"{}",,   95213
"{}",9f571a007c0efeb774dfccaa3de35ca588676e59,    8616
"{}",, 4127168
"{}",17bacb5bc4f1af91feb91707a7536ca86b655f28, 2423224
"{}",,    1277
"{}",f37d34e66a0eee16e26be29f7fb92e12838c0720,    5273
"{}",db7ec94becf4e29d2169c2e7f1f55c0a807f2c83,    1559
"{}",,   43995
"{}",d22b25ba5f79d2ee8b812838986a781513b531c4,   57686
"{}",3c29198197e839d8be7e70b0801dfd0e06f5da4e,    1080
"{}",,   12342
"{}",,  400467
"{}",,     918
"{}",92e100ca241d6b159a1d37b57ca3452ed2cd55f4,  409539
"{}",, 4873152
"{}",,   94030
"{}",,    5075
"{}",b1151ccb5d872b054d114ce2409028e11b5355a7, 10538720
"{}",c27887927ee595bedd72b77926242abc8ef6c191, 1819478
"{}",fd5e66c544c09cca99f71cb03d08a2bb775571e7,   20299
"{}",,     918
"{}",d0f24e5a81dd248be4f1c9fbe92437fc7a191cca,    1145
"{}",2ec76d01224c52d6a4ecfd90fa96da3785ccc55f,    4719
"{}",,   58712
"{}",ae77b3bf9a1bb7027d63cd94f262ee151959d652, 2648185
"{}",73aff1229480887b5ef177b0b1cf18a6850b9ec6,    1437
"{}",73c39b97a912ae761d774fb2ca8027ed20265d28,     838
"{}",,   66607
"{}",,  329745
"{}",,  775200
"{}",, 3591616
"{}",,   10312
"{}",bf62cd694f9557758f1bf492444c8263d97a5446,   47944
"{}",,  154059
"{}",10046e0a9593d25e8105d5545675fbe546bb2c02,    1415
"{}",e7d9e5fdd17812a4735db05c66e1f9c2d1e17630,     876
"{}",fc1ea8467789228fce6fdae247db270cf553fc9d,     558
"{}",, 1764720
"{}",,  285504
"{}",,  703912
"{}",, 3395792
"{}",95e77210d555aa44f472fc965a910c0b66b3ba44,  121397
"{}",2b2950b04f6c30d73b1cd31d91c5c377fdd70c5e,     822
"{}",ef58ad9053daf40c58b3cb986fee0f59ce663ac3,  424224
"{}",e661709ac3924cc93740b01a2c43ac57444c1293,   58274
"{}",,  171849
"{}",,  170843
"{}",,  511003
"{}",50e6df970a43b023c7663ebd400424e6026e94fa,   65080
"{}",,    1224
"{}",138c73464314cbb5cec1e289f53e53708b875a46,    1119
"{}",dacf12e2adc07150385a84724926c5bf6c4b0f3d, 2117544
"{}",5f37f1039ab243794992af6a1460c97829d3b629,  102145
"{}",,  966952
"{}",,   45803
"{}",b55fa3fd02c3daa7fea56f41eec2253af36e9c68,     899
"{}",,   70704
"{}",,    4712
"{}",d723f5d312c2c164c462ddc2c38bdcdd734fe83f,    1411
"{}",bc1eb2745c037a24b5ac1c9b1bfc873db3d3c4a1,    1211
"{}",,  106311
"{}",,   70356
"{}",, 1459532
"{}",, 11822696
"{}",3935b59c21c047a3c25879a92b76691ca16337d1, 1866736
"{}",, 2581696
"{}",7666d1e78eb7d49b95a2fe3d119904bc7fdf3214,    9995
"{}",4501fdbf688c226d941c61240884e799c6cf383d,   34959
"{}",b7d5a345c9e19fb8dcc7f2aa1c961125d7244742,   20916
"{}",0ab886d4c5dc56fdadeb3e4b48620dfcf175f0bd,  238609
"{}",26722354b3a2a6f2aa3c2581c94d0798d755cd12,   35729
"{}",60d2af0f6bca836005005427c60fd85293e87395,    1135
"{}",f9ec753d2d4d63f4859ab8e66324d8d0dd08ffb5,     826
"{}",f612c573c6482a75773666945cf77273cf439895,  184768
"{}",cb6f65f15b047704f06d6a507648bed6cbefdc90,   63494
"{}",,  388727
"{}",1fbb38b9697b767effa3bbc1473b4c5800897c86,    3312
"{}",,   58477
"{}",953dfaeee110c75693d450cdb4c2dfd8b7e15075, 3068152
"{}",, 3897928
"{}",a4bcffaf0a51a783109cb581664bf423fa8f2ffe,  188543
"{}",edb61b4ae5bc31f74c6e812ec28d3c2af9014b16,  294228
"{}",,  732786
"{}",1e68b63f345589dd11e59d742bca49f43a659e1d,   16326
"{}",53fb1c6319399f3d4a6e676de5fcdddc0b8a9718,    6431
"{}",, 3835128
"{}",,  401312
"{}",,  102101
"{}",c70184498382c8ec2c0300d06472dcf04db4e845,  194894
"{}",c6c7f200a9c2153a2c49b5f4421aa3c7402f6ec7,    2590
"{}",,  108480
"{}",1a251268132d4473b5988d5422535e3fce0be525,    1588
"{}",1c6dff9a39804c2c8484704442796ef85e07e530,   41837
"{}",, 3769728
"{}",637cd8a5b1cfebf9f0f8b297517d78fd355d4698,    3548
"{}",5c0da82745896483e447683cbc4da9c7f8edfcc6, 5366744
"{}",,   41204
"{}",, 1927490
"{}",f5a83190d2760e9ad7845c3d0404d4f0a2455980,    2388
"{}",7b2b9d70b477b6f01fa450e7d4988395f04fc7e4,    4650
"{}",, 3123408
"{}",aba3e944fc511bcdf0bae9aebc5df3b915d3cda4,   11701
"{}",1e8ea28bdf6683e5bee0eb677b45c5f90ae6577e,    2769
"{}",65e53b096bb0b30a096af6fac5573c20087ca408, 1237808
"{}",c01d4aca29645a17bc24b38da538c5904a4774e3,    1684
"{}",ce2927358fbe19b470b82c8367fede413e513896,  251322
"{}",, 7014352
"{}",,  195278
"{}",,  456176
"{}",1030e3499e89448f564a95432f6c40f64f4a50a5,  546704
"{}",fe013cfda48b6ffc7a6f3b81cb68d3dfc3c45e53,    1421
"{}",,  856318
"{}",d550a2e95b29bdd286b52ee5c8658f343d1f254c,    1574
"{}",,   39033
"{}",09f6fa542f1c00b54d44ba6367bb0b9e47654df0,  255608
"{}",ec05e4bc2adbecf46425a0e8f8d29a98b01fc580,  211246
"{}",9b38eaacde61e4d8a2cac0fb96ec6b19d76dbca6,    7378
"{}",1379206631ee7eef7aba4237253fc9f07a118e1d,    3670
"{}",,   94902
"{}",3c667b934599a0ac81f13e8ad1539b7633d5638c, 1716440
"{}",13145f5936ebe15bc3ce651fddc654eaf2c151cd,   70793
"{}",06ce1cfef9da94af67f5665310d90b830731e0c0,    1358
"{}",,   92543
"{}",,  767466
"{}",,  228282
"{}",,   93392
"{}",c51fe69a627ef21733f4eab621be6cdeb2cbfb87,   16010
"{}",d38932a3d85f03b29bc5869205b7ecc48b4bff0a,     573
"{}",6c66eec0b8ed7e6dbc538047f7a2f526191384aa,  173547
"{}",c1c1f9df73f334dc06bcec7f3844b72eeb7a4068, 1953485
"{}",,  300528
"{}",, 2521054
"{}",, 2981794
"{}",,  710581
"{}",61f09bcaf68e89f3cd36692d17ccdd76685c9059,    6175
"{}",,   45803
"{}",,   50568
"{}",c8b3c9542795910365646f2be045a6b90b459832,   36015
"{}",,  177574
"{}",,  574983
"{}",, 1385540
"{}",0ecef3d8d1fb883bcb9547f328dec2c14c2e0514,    1492
"{}",,  273898
"{}",,   12342
"{}",b824753771a02992de6545e046b0dc46d5412f7e,    8595
"{}",, 1032780
"{}",d55802bbb67a10510bf58136d5d79e65b2a7ba63,    2105
"{}",8c15ffe87e5ff1917fcf8990a594c3705be235d3,  206912
"{}",d91ba7a124809b3555ce5ede498ffe9ba7d383cf, 1344632
"{}",,    6007
"{}",209f86534f1483da1101e484cdeabf966eb7bd0e, 7125353
"{}",0a62cf638276b0aacf1d65d8ca42d20036ca9bc0,     573
"{}",,   17824
"{}",,  427290
"{}",9def22e0e2fbee374410df3aa17eb31c415ba31b,   29684
"{}",,     897
"{}",,  396840
"{}",,  975224
"{}",ed99d1b34f1471a1325aa1bb03a5ae6dd09b3a4e,     581
"{}",,  100576
"{}",f2d4bd9da3e7dee8caa4ba0551a64bf53afad01a,     561
"{}",2a0d2413b74e6604d4947624e9fae383b844148c, 4808440
"{}",e0909a3eba0b83895a4d0ff82b2dfe58eb801b21,   27499
"{}",,    4469
"{}",,   22714
"{}",3bb54c6e245df214a0b5aea8b9298921df68384f,    1150
"{}",e012614bae7459837ed7c8d7dc64abd15e5df659,    6835
"{}",28ecbb5aecdde705243c76ee89892620a4d77219,    1676
"{}",,  134434
"{}",, 3067396
"{}",af746a55ee05b1331b81aa58e52673196c42fe83,     808
"{}",b86dde4297fa2c49a5f72edaea225ed5b7c698df,     581
"{}",db295768855ff1681035f4445617defe5ced4276,  422587
"{}",6a468162b20817a89afb9d0a14cee9ed6109dd7e,   11322
"{}",879f60e87822108efd65d2d54f4b42d1fbece0e9,    1969
"{}",,   44464
"{}",,  447337
"{}",2436ab865454ac78aeb9b80195eb7eb2ae9b9902,  226353
"{}",419f1d30d971084b62f579f155e7db9dc7722fca,  423992
"{}",d47f1aaad65bb4d992a3e481683239b0b881a8e4,    3977
"{}",266d9bb31daedae9dd40aa8b8618a0b33436e007,    1857
"{}",,  108011
"{}",c89bfb253eb13c9384dba923bd2d0175ebc10cc0,    1403
"{}",623a227c6be0ad97a91390886fbf4ba9ef65458c,    1083
"{}",79a3ce14cabcef0780e47d55cfcd8338291337c7,    3683
"{}",,  488558
"{}",51afd5ed37e8857905fb027ca98913d6fd3c1948,    5618
"{}",cf61b85241d78f65b455bb18f5194e702abc3b52,     784
"{}",,   22135
"{}",a008615b60048b3b92313b7f91de128cc61004d7,    2471
"{}",fd86aa10e2a3510ad50b2454a5433233016d0b78,  296960
"{}",,   27584
"{}",0234a580d97df2a58c1ce65596b662238275d9ae,  200902
"{}",,  213968
"{}",aa6b38a46995faccb9181f8d03a34c925d6230e4,    1825
"{}",,  186944
"{}",bb368c6f9f07f313d87f303f60f0204fcffae00b,    1384
"{}",,   16906
"{}",e872def047d47baef06703ed6d786a05f8bfe527,     551
"{}",,  936802
"{}",467b966fbbc2d469bf928ce85a3141a19e79d047,    4703
"{}",,  272409
"{}",f187d57918ae8a5c0a8a486f6ce59dfe74153ce5,    1666
"{}",,   22731
"{}",8257a5f0c1580fc098fb68f25fc620418009cada,    6375
"{}",5e5744e33b953af8ee24bf9426cc939ce4fa9bf6,   96654
"{}",e79af70db1b4b942512fe4eb1ac7801cb8c0dc03,  320369
"{}",,   68214
"{}",64185c93e6563d7cc461c032303dcccc95625df5,    1772
"{}",4b6506728cf5152def92fabb351ea8fd24f23050,  955456
"{}",150ed182a9aa48d2d09ff3107696a94683e0a274,   15480
"{}",39e45935aed05b34346f5f75468cb5c64d299352,  239928
"{}",c5429ad0c229cdf1ca40813b61dba260dfc02ce1,   22783
"{}",, 1094608
"{}",d7944ffedec7769f67ad700d296b0b0e82dfec1b, 1674146
"{}",,  254915
"{}",207706cb868d4acb9f7cf8f2d33204ea9c751257,     862
"{}",fc0faa7243b3f169edaffc5e92fccbf7f566cf4a,     571
"{}",, 1698839
"{}",38fa927ec4e77ed97650f3af4910091b6321639a, 1634096
"{}",da713400b8872b8482d63f5dfb8ead9b28c069ae,  836677
"{}",,     943
"{}",,     593
"{}",,  268864
"{}",47cae842010ff88961fba1fedd1bd5bd70966a50,   25946
"{}",,  794592
"{}",,   52909
"{}",e04da306a690b38cf3719a3109707a9621b80dda,  203599
"{}",,   79935
"{}",,     843
"{}",, 1133543
"{}",42f5e55d9c298c5278d8af81da7d50dee462ba3f,  161232
"{}",baf7e336f839a2b507845549d547e269c789e07c,    1575
"{}",5ec21d06b95a6e1266c89c6b325facbf7fbbf1c9,   72902
"{}",,  702384
"{}",0501659837b5c229c7e2eb484b4ecbafb955e64c,  497712
"{}",552544b3e79c0a37d96858dd59dc10a169679b4a,    1720
"{}",75be5de3fdbbc1b8906ead21fad1e6d0997789f7,    5381
"{}",3a5445f1fe7aa0c16369f3efd40931ea75ae97e6,    7690
"{}",c755cef33445c465c7b4ee292267118cb55e3a2d,  119312
"{}",,  646048
"{}",28a344a8d5de59a33a26541e3b6b0b8c83e83e80,     808
"{}",ecb76bd2ac10cc223e4ec2a6aeddce45a4f4f12c,   17480
"{}",99e0d4f98d41a21859db2898bb1ea178602c10fa,  284800
"{}",5a38f6dcbd745a860d84b8174bc8a56b5c23aefd,   25283
"{}",94f20eb49dce9271002d043f4609e3af3b173048,  188072
"{}",fb48ce27085229798fd897dc160911ad474b4422, 2783451
"{}",,  116344
"{}",ee904c59feb5e1fe34095f6490763775259b7ec6, 3459168
"{}",,   58916
"{}",90431bf9c7d344fbae9c443771d65cc2733773d6,    2263
"{}",16937b9189c159d1cd54e86ac3e08748664ee993,    2029
"{}",6f38e394051d9c99a7f42b881ab37d2784d61293,   47130
"{}",f6ada1d73bb43e043fa532054dd5e1655e103ab1,    1134
"{}",,  356510
"{}",,  946136
"{}",,   93942
"{}",fa53c9b04b0008eb8dc0c61f35ac37fe6fa7dddd,  203912
"{}",043b4cf0641b383fdf8e5b800990c3c2bb9ba7d6,    1920
"{}",034b6125b159206bf10837ff9bf81eff563e4e56,    3839
"{}",157dfb0448d107cfb97aaf6635aef4aea10976df,   91096
"{}",,   40615
"{}",4c87abb6892dd9868bcf43f072a6813c74561258,     576
"{}",,   34592
"{}",1d00600911b70d455aec4f94b8c8b9b26244501a,    3549
"{}",1dd699778bd744f32d31cb8b40ccb2d0fa46e2c0,    2661
"{}",,   57817
"{}",,   24976
"{}",,   54409
"{}",f32b11c79d46c44ab75c2f1c4b126085030050d4,  176472
"{}",72d6564470cd05d2da7b2d174c6b0b73f5b8d14c,    4896
"{}",,  128859
"{}",e507a244294692787dba051f07b547659a92d9f8,    2642
"{}",305db97c2a13252c719f2d99dc782f6d90de4e7c,    2283
"{}",e5b76aa209e7d8728221b3735b1d3205eaaed71d,    3149
"{}",6e396ecd4693bb563ebe46fa7ad01e3fae0cd65c, 2303181
"{}",,   42587
"{}",,  105519
"{}",5b0a391528c41fc9f92fb71ece4e87c3995784e2,   74553
"{}",,   32594
"{}",b4c263d5e28ff4a6c6e707f55285ce0b7da38498,    5360
"{}",,   39033
"{}",0ce20eded227a9335e3674362f1a8387a04286cc,     578
"{}",, 2844312
"{}",5661f5c80907217dfd888f395d0ba7c5b58d9709,  358792
"{}",21ab854d4a2f6f9e2a41418cf43e8c212ab63337, 1210070
"{}",,   73719
"{}",6dc6f38f6ecc8b349950ec4eeffd0999f007efb0,   14072
"{}",,   36241
"{}",,  146211
"{}",, 2140500
"{}",31f2746a71ecdb762fcdb1516b9d597221df7f02,    3631
"{}",2a743b18ef84f3900fa3caad66f0f53342192b93,    3468
"{}",, 1113680
"{}",,   52273
"{}",2a1cb761ec1d00ca59738a280f0af86f978dddbc,    5872
"{}",ffe9c341277ba8d6f70b5b197b5083551db159cc,    9496
"{}",,  191659
"{}",fa9c866092a147f0f515ed3bdeeb6e652e1249f1,    3950
"{}",1cc5b40233e2ddc7e6a9836085cb199fe1e893f6,   13784
"{}",82a4361f769b4d344940c49166be83c4e6e48352,  169199
"{}",4be1d6155e2338d5a3868a6e7d4db4ddfc748903, 1999674
"{}",, 1681275
"{}",,   22913
"{}",ca53b32b140add503571f95e9f3bc60b6852a113, 1273651
"{}",,    1228
"{}",eec4e10e4648fe043dde13b5b825984b3afbb062,    1461
"{}",,   27789
"{}",,  155222
"{}",9995bb94c4a35485befe8912e890a6fa0e25f074,  202480
"{}",780b919e57b74e4980c91b8d879f09206f14b296,    9837
"{}",cf773caab7df62ceaddcbefa75db14ea1c0ff065,    1954
"{}",, 3176048
"{}",,    1653
"{}",287198a97a8540431e4cacf767ffd7c9ebeea3c8,   22728
"{}",7b8265e13d13c13428107c2bdb9646aa5177a6e2,    5423
"{}",6765463c487a5e456bb1cab5789bad558283a297,    1555
"{}",, 1552574
"{}",939581c9d1bdb72fbc220f9d5476da9549c36cc7,    4462
"{}",849be3b136d1ef48860612cebe9b6670ade5245d,    3228
"{}",b504462df111d78e0ba9a8e226f7742276e2f6e3,   15663
"{}",cb3c5b83f24abac0d3c7bc46cd7f988070bbb45b,    1399
"{}",,   69848
"{}",,    1211
"{}",9b8faac843ec9f82f892e9f480311edd9c5ec43e,     548
"{}",,   16608
"{}",,    2708
"{}",01e360ab23f9cbebaf5e19cbb000cb4cef09ffbf,  558849
"{}",, 1005336
"{}",,  125476
"{}",0cb1df74646269c3c709391b89badf2e4202b6d4, 4183371
"{}",cc747353fdd53acc748005f73c771eff9f00d0bb,   19271
"{}",db29fe50c0624ed786e1f7f78254eb07a147fbd8,    5093
"{}",1a2544c393a5e29417a9d1cb3ee1792c5d744285,    1271
"{}",,   27008
"{}",45b09e5ba83e12e4c3aae069f1cfb378f65a43a0,    4137
"{}",390ca49e48c6dc8e51a24fa233ecf7be5093e4b3,  216964
"{}",76e5daca6ed96501032bb4616caaf02ac115345a,    1192
"{}",2d89bd53fec0ec2be32212004c8b3b3b49e44fa5,    1142
"{}",6578b2eb620065aec0c0a41363051f26d16f8166,    1196
"{}",,  309378
"{}",,   13162
"{}",,  637544
"{}",987ede3179b65084f452c7cc61358c4e848a5c78,    5563
"{}",47936d531ad44a50e161f2b9f5842860e7293142,     583
"{}",5ef5522844c6e46a841f4ba7054005fed804b4c0,  495280
"{}",3cfe72ceb2d0fc37a0c1e99cd60ff9af0f605b85,    1639
"{}",,   29200
"{}",, 1141976
"{}",d4500705605a2876a26f7e0e3740dd616064f0f5,    1644
"{}",960128febc7f98998ec3bdf1833ba1e764fe77da,     544
"{}",,   37605
"{}",00fe856d38392ccc577a236cb4dd48c5cdfdb573,    8724
"{}",,  116339
"{}",14c4a1b3837c94c7eae50e133997e8c9bbe89117,    1572
"{}",, 2487736
"{}",,  249132
"{}",2f4062dd561f098af3d90c7153b906e2989c001b,    1143
"{}",d5369c898bdab5e562b8b3066446f2b8a449b148,   80155
"{}",,   86547
"{}",63e8962c2b935e33c3a82ec02068d881dce480cf,   11017
"{}",,    2590
"{}",e12f6fb04393caa51a5d033c76816cc239114909,    1665
"{}",,       0
"{}",,      91
"{}",,     151
"{}",,      48
"{}",,       0
"{}",,     244
"{}",,     141
"{}",,      48
"{}",,     613
"{}",,  467248
"{}",,  467248
"{}",,  759672
"{}",,     630
"{}",,  759672
"{}",,     603
"{}",,  637560
"{}",,  637560
"{}",,  472096
"{}",,     633
"{}",,  472096
"{}",da39a3ee5e6b4b0d3255bfef95601890afd80709,       0
"{}",ae8c986ab68ae7ac296531695ed99e49bcb0dd4b,     165
"{}",,     138
"{}",,      48
"{}",,     672
"{}",,  472200
"{}",,  472200
"{}",,  664952
"{}",,     610
"{}",,  664952
"{}",,     657
"{}",,  662352
"{}",,  662352
"{}",da39a3ee5e6b4b0d3255bfef95601890afd80709,       0
"{}",be3418d590008da47d511bc2bfb45cc35c1196ab,     147
"{}",,     137
"{}",,      48
"{}",da39a3ee5e6b4b0d3255bfef95601890afd80709,       0
"{}",124618d0e872b8de28e71fb8d47720740b9eaab6,     476
"{}",,     138
"{}",,      48
"{}",,     607
"{}",,  635840
"{}",,  635840
"{}",da39a3ee5e6b4b0d3255bfef95601890afd80709,       0
"{}",79a0e4bbda8db630e3ebc95998aa0f249eed8576,      76
"{}",,     140
"{}",,      48
"{}",da39a3ee5e6b4b0d3255bfef95601890afd80709,       0
"{}",774a99ad336c705ca656df87bc8f5bed73e1f22b,     145
"{}",,     137
"{}",,      48
"{}",,     682
"{}",,  712432
"{}",,  712432
"{}",,       0
"{}",,      34
"{}",,     145
"{}",,      48
"{}",,  668056
"{}",,     620
"{}",,  668056
"{}",,       0
"{}",,    1061
"{}",,     143
"{}",,      48
"{}",,  497320
"{}",,     660
"{}",,  497320
"{}",,    7056
"{}",,    5824
"{}",,   28616
"{}",,   14576
"{}",,   16376
"{}",,    6552
"{}",,    2096
"{}",,    5424
"{}",,    6728
"{}",,   16936
"{}",,    3632
"{}",,    9992
"{}",,    2448
"{}",,   25272
"{}",,   10392
"{}",,   35512
"{}",,    5184
"{}",,   12024
"{}",,    2928
"{}",,    9792
"{}",,     680
"{}",,  124920
"{}",,   28488
"{}",,    3272
"{}",,  638496
"{}",,     680
"{}",,    6704
"{}",,    2240
"{}",,   53816
"{}",,    6384
"{}",,   19056
"{}",,  176176
"{}",da39a3ee5e6b4b0d3255bfef95601890afd80709,       0
"{}",37005b4adb398472c27e491625d9e8bf8a77d6e9,    9770
"{}",,     136
"{}",,      48
"{}",,     605
"{}",,  682656
"{}",,  682656
"{}",,     613
"{}",,  467248
"{}",,  467248
"{}",,       0
"{}",,      29
"{}",,     148
"{}",,      48
"{}",,       0
"{}",,     132
"{}",,     142
"{}",,      48
"{}",,       0
"{}",,     132
"{}",,     142
"{}",,      48
"{}",,     620
"{}",,  622128
"{}",,  622128
"{}",da39a3ee5e6b4b0d3255bfef95601890afd80709,       0
"{}",da39a3ee5e6b4b0d3255bfef95601890afd80709,       0
"{}",,     138
"{}",,      48
"{}",,       0
"{}",,      99
"{}",,     141
"{}",,      48
"{}",,  599560
"{}",,     622
"{}",,  599560
"{}",,  637376
"{}",,     682
"{}",,  637376
"{}",,     625
"{}",,  620832
"{}",,  620832
"{}",,  594384
"{}",,     598
"{}",,  594384
"{}",,     605
"{}",,  570176
"{}",,  570176
"{}",,     672
"{}",,  472200
"{}",,  472200
"{}",,     607
"{}",,  496568
"{}",,  496568
"{}",da39a3ee5e6b4b0d3255bfef95601890afd80709,       0
"{}",da39a3ee5e6b4b0d3255bfef95601890afd80709,       0
"{}",,     138
"{}",,      48
"{}",da39a3ee5e6b4b0d3255bfef95601890afd80709,       0
"{}",da39a3ee5e6b4b0d3255bfef95601890afd80709,       0
"{}",,     138
"{}",,      48
"{}",,  638592
"{}",,     638
"{}",,  638592
"{}",,     615
"{}",,  586064
"{}",,  586064
"{}",,       0
"{}",,      32
"{}",,     141
"{}",,      48
"{}",,  571160
"{}",,     622
"{}",,  571160
"{}",,     902
"{}",,       0
"{}",,       0
"{}",,     153
"{}",,      48
"{}",,     633
"{}",,  472096
"{}",,  472096
"{}",,       0
"{}",,     189
"{}",,     141
"{}",,      48
"{}",,    2536
"{}",,    7104
"{}",,    5608
"{}",,   26040
"{}",,   34520
"{}",,   10480
"{}",,    7200
"{}",,   24720
"{}",,     680
"{}",,    3144
"{}",,   17960
"{}",,    6520
"{}",,   19048
"{}",,    5416
"{}",,    7296
"{}",,    1920
"{}",,    3520
"{}",,   14560
"{}",,   48000
"{}",,  628488
"{}",,    6296
"{}",,    4416
"{}",82ee88db19a6e293446222b08fc9bce1b9e1c383,    2648
"{}",,  130408
"{}",,  169248
"{}",,    7328
"{}",,   17560
"{}",,   53720
"{}",754d3e20b3ef72cd2e6d5d2edec379d56ba9f88c,   23619
"{}",e7a952c231718775fb118067372bca157f3acd5f,   30698
"{}",,     136
"{}",,      48
"{}",,       0
"{}",,     103
"{}",,     142
"{}",,      48
"{}",,     653
"{}",, 2293336
"{}",, 2293336
"{}",,  622641
"{}",da39a3ee5e6b4b0d3255bfef95601890afd80709,       0
"{}",5aa73e8f92f4f53507f5367db457250cfd614bc3,      29
"{}",,     139
"{}",,      48
"{}",,  522856
"{}",,  522856
"{}",,    1308
"{}",da39a3ee5e6b4b0d3255bfef95601890afd80709,       0
"{}",26b8599dfd9ef4ed2d636eb637bc7b2755481c07,    1275
"{}",,     140
"{}",,      48
"{}",,     625
"{}",,  617320
"{}",,  617320
"{}",,     622
"{}",,  599560
"{}",,  599560
"{}",,  472624
"{}",,     622
"{}",,  472624
"{}",,       0
"{}",,      72
"{}",,     148
"{}",,      48
"{}",,       0
"{}",,      32
"{}",,     141
"{}",,      48
"{}",,     616
"{}",,   34624
"{}",,   11256
"{}",,    8240
"{}",,  208152
"{}",,   98320
"{}",,    5360
"{}",,    1664
"{}",,   20072
"{}",,  199440
"{}",,   26516
"{}",,    4278
"{}",,  181748
"{}",,   47640
"{}",,   87624
"{}",,   13984
"{}",,   23448
"{}",,   83256
"{}",, 1979768
"{}",,   53512
"{}",,  140576
"{}",,   44416
"{}",,   33952
"{}",,    5104
"{}",,   14080
"{}",,  321248
"{}",,   45528
"{}",,   97024
"{}",,    6392
"{}",,   87016
"{}",,   76320
"{}",, 5186152
"{}",,    1696
"{}",,  111576
"{}",,  215112
"{}",,  269456
"{}",,  289520
"{}",,      28
"{}",,   31936
"{}",,  126456
"{}",,   63760
"{}",,  197336
"{}",,  108456
"{}",da39a3ee5e6b4b0d3255bfef95601890afd80709,       0
"{}",b5a24aa949527fa36f3153749a9a34ac1f527173,    4924
"{}",,     140
"{}",,      48
"{}",da39a3ee5e6b4b0d3255bfef95601890afd80709,       0
"{}",8ecbb40c3c5c5f77ffd11fb6f611d91f69fa495f,     125
"{}",,     140
"{}",,      48
"{}",da39a3ee5e6b4b0d3255bfef95601890afd80709,       0
"{}",4df7617bf33cd2bde896d407343da9c30268c538,      42
"{}",9f9dbdb36f2164a728f68b255eaef569b69402f5,     135
"{}",,      48
"{}",,  571792
"{}",,     608
"{}",,  571792
"{}",,       0
"{}",,       0
"{}",,     141
"{}",,      48
"{}",,       0
"{}",,       0
"{}",,     153
"{}",,      48
"{}",,       0
"{}",,      91
"{}",,     151
"{}",,      48
"{}",,  637376
"{}",,     645
"{}",,  637376
"{}",,       0
"{}",,     109
"{}",,     147
"{}",,      48
"{}",da39a3ee5e6b4b0d3255bfef95601890afd80709,       0
"{}",054012d7eebcbacf37dffb0d6cd6b50c9fa37663,     670
"{}",,     137
"{}",,      48
"{}",, 2034648
"{}",,     603
"{}",, 2034648
"{}",,     603
"{}",, 2088216
"{}",, 2088216
"{}",,  759352
"{}",,  759352
"{}",,     620
"{}",da39a3ee5e6b4b0d3255bfef95601890afd80709,       0
"{}",7e9837d1913e75415d4675761d103e53e477658c,    1373
"{}",,     136
"{}",,      48
"./backend/create_test_hotel.sh",fa37f1c5f2a322b5640b805544e522f0219bd7aa,    7861
"./backend/Cargo.lock",6a64302278a04e42b4e60c4526bcddf467feca1d,   92327
"./backend/.gitignore",f37a9282731286e762f031b9242e70428892a20f,       8
"./backend/src/middleware/auth.rs",5d4cc5723a15302695e122261daa4b2e38d4173f,    3476
"./backend/src/middleware/mod.rs",d0a563de6b347093aa799914a9edd8c881d299ea,      15
"./backend/src/.DS_Store",eaae4576348f9d2f449c17fea2f1cccec523066f,    6148
"./backend/src/utils/mod.rs",30c53ee11f43381dfa0814186acc2344791288c4,      29
"./backend/src/utils/jwt.rs",8c7f0eb5d79c654ace6335102b69ee7d66c6b6c9,    1427
"./backend/src/models/booking.rs",a16fc9634c86a37a8c6f1ee47814aefa815f2665,    1888
"./backend/src/models/user.rs",30aaa57925e0010f5be17c3d19691cede9f4d1f5,    1301
"./backend/src/models/mod.rs",7a66c9b52bff350a3dc21ba925d2bcb040fb7697,     236
"./backend/src/models/hotel.rs",33b66b0d05d733ff49fcc665c7c7dd8eebe09ca4,    1677
"./backend/src/models/business.rs",ea558ba48798089093a022ffc836e2520b1e4a02,    4391
"./backend/src/main.rs",6d864dbf52fb9eb01a570763f976a9223fcaca51,   10281
"./backend/src/handlers/booking.rs",b0096bd3cc6690b1439ae8d188dc7715157c4ce5,    8708
"./backend/src/handlers/auth.rs",ec4ab2bc4ddab58f4325f4fcba7bd8fa79ada60a,    8253
"./backend/src/handlers/mod.rs",be8da878763fa9bff053e68929ce15bb202f12eb,     712
"./backend/src/handlers/hotel.rs",f78716db10c50eae485271e708e0092765ae39ec,   10164
"./backend/src/handlers/test_business.rs",4708e407c67521390f2354cedd7d2dd6bb86c2e2,     208
"./backend/src/handlers/admin.rs",6e6a08837d9c061b2fde6d9d18f659792d24bec6,   21749
"./backend/src/handlers/business.rs",a4bc8e3b4d9ba913fe8892b489293a5848b06ffc,   10751
"./.gitignore",5824d92fff99de42e62c5eb32eaed6dd0ec36928,     297
"./docker-compose.yml",1c8bd7f841a61e656351497610fc420d614bfece,    1048
"./detailed_info.txt",f4a25795866b09a98b0f45f1b19b640ea7362bc8,    5809
"./_audit/.DS_Store",7a64786b4f6d5dc10aba05cdb6b6a4770ab18bf3,    6148
"./_audit/20250913_132739/tree.txt",f80bfc5412de065202ea8e211afd8030c55377ce,    4156
"./_audit/20250913_143133/tree.txt",18c44e40821c989da62a0ba399ebc044b066427e,    4009
"./_audit/20250913_144506/tree.txt",21969392b0baac56daf60b970030b748f3fad947,  292652
"./_audit/20250913_145740/LIST_FULL.txt",c3fc70b14ea8fe163ddda88bc2a2d6c146ec7187,  292788
"./_audit/20250913_145740/TREE_FULL.txt",2ed5c654b597eaa1a5d4737b30103f91a1f1e897,  285915
"./_audit/20250913_145740/FILES_FULL.csv",d2ea959dbc326c5de4e5eff6755217ae4d5d229a,      31
"./_audit/20250913_145740/FILES_SHA1.csv",60cb521846ae73a06d582aef6d32f5f8d1f4d0de,   83060
"./_audit/20250913_133043/tree.txt",0d472134386a06cf9b27db437a7c6da8b9cb05ba,    4215
"./_audit/20250913_132733/tree.txt",33d37c1ed4f732a1a333ea82a9569719b78371d6,    4097
